data,stato,codice_regione,denominazione_regione,lat,long,ricoverati_con_sintomi,terapia_intensiva,totale_ospedalizzati,isolamento_domiciliare,totale_attualmente_positivi,nuovi_attualmente_positivi,dimessi_guariti,deceduti,totale_casi,tamponi,note_it,note_en,totale_casi_ieri,totale_nuovi_casi,dimessi_guariti_ieri,nuovi_dimessi_guariti,deceduti_ieri,nuovi_deceduti,terapia_intensiva_ieri,nuovi_terapia_intensiva
2020-02-24T18:00:00,ITA,13,Abruzzo,42.35122196,13.39843823,0,0,0,0,0,0,0,0,0,5,,,0,0,0,0,0,0,0,0
2020-02-24T18:00:00,ITA,17,Basilicata,40.63947052,15.80514834,0,0,0,0,0,0,0,0,0,0,,,0,0,0,0,0,0,0,0
2020-02-24T18:00:00,ITA,18,Calabria,38.90597598,16.59440194,0,0,0,0,0,0,0,0,0,1,,,0,0,0,0,0,0,0,0
2020-02-24T18:00:00,ITA,15,Campania,40.83956555,14.25084984,0,0,0,0,0,0,0,0,0,10,,,0,0,0,0,0,0,0,0
2020-02-24T18:00:00,ITA,8,Emilia Romagna,44.49436681,11.3417208,10,2,12,6,18,18,0,0,18,148,,,0,18,0,0,0,0,0,2
2020-02-24T18:00:00,ITA,6,Friuli Venezia Giulia,45.6494354,13.76813649,0,0,0,0,0,0,0,0,0,58,,,0,0,0,0,0,0,0,0
2020-02-24T18:00:00,ITA,12,Lazio,41.89277044,12.48366722,1,1,2,0,2,2,1,0,3,124,,,0,3,0,1,0,0,0,1
2020-02-24T18:00:00,ITA,7,Liguria,44.41149315,8.9326992,0,0,0,0,0,0,0,0,0,1,,,0,0,0,0,0,0,0,0
2020-02-24T18:00:00,ITA,3,Lombardia,45.46679409,9.190347404,76,19,95,71,166,166,0,6,172,1463,,,0,172,0,0,0,6,0,19
2020-02-24T18:00:00,ITA,11,Marche,43.61675973,13.5188753,0,0,0,0,0,0,0,0,0,16,,,0,0,0,0,0,0,0,0
2020-02-24T18:00:00,ITA,14,Molise,41.55774754,14.65916051,0,0,0,0,0,0,0,0,0,0,,,0,0,0,0,0,0,0,0
2020-02-24T18:00:00,ITA,4,P.A. Bolzano,46.49933453,11.35662422,0,0,0,0,0,0,0,0,0,1,,,0,0,0,0,0,0,0,0
2020-02-24T18:00:00,ITA,4,P.A. Trento,46.06893511,11.12123097,0,0,0,0,0,0,0,0,0,3,,,0,0,0,0,0,0,0,0
2020-02-24T18:00:00,ITA,1,Piemonte,45.0732745,7.680687483,2,0,2,1,3,3,0,0,3,141,,,0,3,0,0,0,0,0,0
2020-02-24T18:00:00,ITA,16,Puglia,41.12559576,16.86736689,0,0,0,0,0,0,0,0,0,0,,,0,0,0,0,0,0,0,0
2020-02-24T18:00:00,ITA,20,Sardegna,39.21531192,9.110616306,0,0,0,0,0,0,0,0,0,1,,,0,0,0,0,0,0,0,0
2020-02-24T18:00:00,ITA,19,Sicilia,38.11569725,13.3623567,0,0,0,0,0,0,0,0,0,5,,,0,0,0,0,0,0,0,0
2020-02-24T18:00:00,ITA,9,Toscana,43.76923077,11.25588885,0,0,0,0,0,0,0,0,0,140,,,0,0,0,0,0,0,0,0
2020-02-24T18:00:00,ITA,10,Umbria,43.10675841,12.38824698,0,0,0,0,0,0,0,0,0,0,,,0,0,0,0,0,0,0,0
2020-02-24T18:00:00,ITA,2,Valle d'Aosta,45.73750286,7.320149366,0,0,0,0,0,0,0,0,0,7,,,0,0,0,0,0,0,0,0
2020-02-24T18:00:00,ITA,5,Veneto,45.43490485,12.33845213,12,4,16,16,32,32,0,1,33,2200,,,0,33,0,0,0,1,0,4
2020-02-25T18:00:00,ITA,13,Abruzzo,42.35122196,13.39843823,0,0,0,0,0,0,0,0,0,5,,,0,0,0,0,0,0,0,0
2020-02-25T18:00:00,ITA,17,Basilicata,40.63947052,15.80514834,0,0,0,0,0,0,0,0,0,0,,,0,0,0,0,0,0,0,0
2020-02-25T18:00:00,ITA,18,Calabria,38.90597598,16.59440194,0,0,0,0,0,0,0,0,0,2,,,0,0,0,0,0,0,0,0
2020-02-25T18:00:00,ITA,15,Campania,40.83956555,14.25084984,0,0,0,0,0,0,0,0,0,10,,,0,0,0,0,0,0,0,0
2020-02-25T18:00:00,ITA,8,Emilia Romagna,44.49436681,11.3417208,15,2,17,9,26,8,0,0,26,391,,,18,8,0,0,0,0,2,0
2020-02-25T18:00:00,ITA,6,Friuli Venezia Giulia,45.6494354,13.76813649,0,0,0,0,0,0,0,0,0,89,,,0,0,0,0,0,0,0,0
2020-02-25T18:00:00,ITA,12,Lazio,41.89277044,12.48366722,1,1,2,0,2,0,1,0,3,124,,,3,0,1,0,0,0,1,0
2020-02-25T18:00:00,ITA,7,Liguria,44.41149315,8.9326992,1,0,1,0,1,1,0,0,1,39,,,0,1,0,0,0,0,0,0
2020-02-25T18:00:00,ITA,3,Lombardia,45.46679409,9.190347404,79,25,104,127,231,65,0,9,240,3700,,,172,68,0,0,6,3,19,6
2020-02-25T18:00:00,ITA,11,Marche,43.61675973,13.5188753,0,0,0,0,0,0,0,0,0,21,,,0,0,0,0,0,0,0,0
2020-02-25T18:00:00,ITA,14,Molise,41.55774754,14.65916051,0,0,0,0,0,0,0,0,0,0,,,0,0,0,0,0,0,0,0
2020-02-25T18:00:00,ITA,4,P.A. Bolzano,46.49933453,11.35662422,1,0,1,0,1,1,0,0,1,1,,,0,1,0,0,0,0,0,0
2020-02-25T18:00:00,ITA,4,P.A. Trento,46.06893511,11.12123097,0,0,0,0,0,0,0,0,0,3,,,0,0,0,0,0,0,0,0
2020-02-25T18:00:00,ITA,1,Piemonte,45.0732745,7.680687483,2,0,2,1,3,0,0,0,3,141,,,3,0,0,0,0,0,0,0
2020-02-25T18:00:00,ITA,16,Puglia,41.12559576,16.86736689,0,0,0,0,0,0,0,0,0,0,,,0,0,0,0,0,0,0,0
2020-02-25T18:00:00,ITA,20,Sardegna,39.21531192,9.110616306,0,0,0,0,0,0,0,0,0,1,,,0,0,0,0,0,0,0,0
2020-02-25T18:00:00,ITA,19,Sicilia,38.11569725,13.3623567,1,0,2,2,3,3,0,0,3,5,,,0,3,0,0,0,0,0,0
2020-02-25T18:00:00,ITA,9,Toscana,43.76923077,11.25588885,2,0,2,0,2,2,0,0,2,296,,,0,2,0,0,0,0,0,0
2020-02-25T18:00:00,ITA,10,Umbria,43.10675841,12.38824698,0,0,0,0,0,0,0,0,0,8,,,0,0,0,0,0,0,0,0
2020-02-25T18:00:00,ITA,2,Valle d'Aosta,45.73750286,7.320149366,0,0,0,0,0,0,0,0,0,7,,,0,0,0,0,0,0,0,0
2020-02-25T18:00:00,ITA,5,Veneto,45.43490485,12.33845213,12,7,19,23,42,10,0,1,43,3780,,,33,10,0,0,1,0,4,3
2020-02-26T18:00:00,ITA,13,Abruzzo,42.35122196,13.39843823,0,0,0,0,0,0,0,0,0,13,,,0,0,0,0,0,0,0,0
2020-02-26T18:00:00,ITA,17,Basilicata,40.63947052,15.80514834,0,0,0,0,0,0,0,0,0,0,,,0,0,0,0,0,0,0,0
2020-02-26T18:00:00,ITA,18,Calabria,38.90597598,16.59440194,0,0,0,0,0,0,0,0,0,3,,,0,0,0,0,0,0,0,0
2020-02-26T18:00:00,ITA,15,Campania,40.83956555,14.25084984,0,0,0,0,0,0,0,0,0,10,,,0,0,0,0,0,0,0,0
2020-02-26T18:00:00,ITA,8,Emilia Romagna,44.49436681,11.3417208,20,3,23,23,46,20,0,1,47,577,,,26,21,0,0,0,1,2,1
2020-02-26T18:00:00,ITA,6,Friuli Venezia Giulia,45.6494354,13.76813649,0,0,0,0,0,0,0,0,0,114,,,0,0,0,0,0,0,0,0
2020-02-26T18:00:00,ITA,12,Lazio,41.89277044,12.48366722,0,0,0,0,0,-2,3,0,3,124,,,3,0,1,2,0,0,1,-1
2020-02-26T18:00:00,ITA,7,Liguria,44.41149315,8.9326992,6,0,6,5,11,10,0,0,11,66,,,1,10,0,0,0,0,0,0
2020-02-26T18:00:00,ITA,3,Lombardia,45.46679409,9.190347404,79,25,104,145,249,18,0,9,258,3208,,,240,18,0,0,9,0,25,0
2020-02-26T18:00:00,ITA,11,Marche,43.61675973,13.5188753,1,0,1,0,1,1,0,0,1,28,,,0,1,0,0,0,0,0,0
2020-02-26T18:00:00,ITA,14,Molise,41.55774754,14.65916051,0,0,0,0,0,0,0,0,0,0,,,0,0,0,0,0,0,0,0
2020-02-26T18:00:00,ITA,4,P.A. Bolzano,46.49933453,11.35662422,1,0,1,0,1,0,0,0,1,1,,,1,0,0,0,0,0,0,0
2020-02-26T18:00:00,ITA,4,P.A. Trento,46.06893511,11.12123097,0,0,0,0,0,0,0,0,0,3,,,0,0,0,0,0,0,0,0
2020-02-26T18:00:00,ITA,1,Piemonte,45.0732745,7.680687483,2,0,2,1,3,0,0,0,3,156,,,3,0,0,0,0,0,0,0
2020-02-26T18:00:00,ITA,16,Puglia,41.12559576,16.86736689,0,0,0,0,0,0,0,0,0,0,,,0,0,0,0,0,0,0,0
2020-02-26T18:00:00,ITA,20,Sardegna,39.21531192,9.110616306,0,0,0,0,0,0,0,0,0,1,,,0,0,0,0,0,0,0,0
2020-02-26T18:00:00,ITA,19,Sicilia,38.11569725,13.3623567,1,0,1,2,3,0,0,0,3,5,,,3,0,0,0,0,0,0,0
2020-02-26T18:00:00,ITA,9,Toscana,43.76923077,11.25588885,2,0,2,0,2,0,0,0,2,363,,,2,0,0,0,0,0,0,0
2020-02-26T18:00:00,ITA,10,Umbria,43.10675841,12.38824698,0,0,0,0,0,0,0,0,0,8,,,0,0,0,0,0,0,0,0
2020-02-26T18:00:00,ITA,2,Valle d'Aosta,45.73750286,7.320149366,0,0,0,0,0,0,0,0,0,7,,,0,0,0,0,0,0,0,0
2020-02-26T18:00:00,ITA,5,Veneto,45.43490485,12.33845213,16,8,24,45,69,27,0,2,71,4900,,,43,28,0,0,1,1,7,1
2020-02-27T18:00:00,ITA,13,Abruzzo,42.35122196,13.39843823,1,0,1,0,1,1,0,0,1,33,,,0,1,0,0,0,0,0,0
2020-02-27T18:00:00,ITA,17,Basilicata,40.63947052,15.80514834,0,0,0,0,0,0,0,0,0,0,,,0,0,0,0,0,0,0,0
2020-02-27T18:00:00,ITA,18,Calabria,38.90597598,16.59440194,0,0,0,0,0,0,0,0,0,14,,,0,0,0,0,0,0,0,0
2020-02-27T18:00:00,ITA,15,Campania,40.83956555,14.25084984,2,0,2,1,3,3,0,0,3,10,,,0,3,0,0,0,0,0,0
2020-02-27T18:00:00,ITA,8,Emilia Romagna,44.49436681,11.3417208,36,6,42,54,96,50,0,1,97,1033,,,47,50,0,0,1,0,3,3
2020-02-27T18:00:00,ITA,6,Friuli Venezia Giulia,45.6494354,13.76813649,0,0,0,0,0,0,0,0,0,141,,,0,0,0,0,0,0,0,0
2020-02-27T18:00:00,ITA,12,Lazio,41.89277044,12.48366722,0,0,0,0,0,0,3,0,3,552,,,3,0,3,0,0,0,0,0
2020-02-27T18:00:00,ITA,7,Liguria,44.41149315,8.9326992,9,0,9,10,19,8,0,0,19,78,,,11,8,0,0,0,0,0,0
2020-02-27T18:00:00,ITA,3,Lombardia,45.46679409,9.190347404,172,41,213,136,349,100,40,14,403,3320,,,258,145,0,40,9,5,25,16
2020-02-27T18:00:00,ITA,11,Marche,43.61675973,13.5188753,2,1,3,0,3,2,0,0,3,46,,,1,2,0,0,0,0,0,1
2020-02-27T18:00:00,ITA,14,Molise,41.55774754,14.65916051,0,0,0,0,0,0,0,0,0,0,,,0,0,0,0,0,0,0,0
2020-02-27T18:00:00,ITA,4,P.A. Bolzano,46.49933453,11.35662422,1,0,1,0,1,0,0,0,1,2,,,1,0,0,0,0,0,0,0
2020-02-27T18:00:00,ITA,4,P.A. Trento,46.06893511,11.12123097,0,0,0,0,0,0,0,0,0,32,,,0,0,0,0,0,0,0,0
2020-02-27T18:00:00,ITA,1,Piemonte,45.0732745,7.680687483,2,0,2,0,2,-1,0,0,2,156,,,3,-1,0,0,0,0,0,0
2020-02-27T18:00:00,ITA,16,Puglia,41.12559576,16.86736689,1,0,1,0,1,1,0,0,1,0,,,0,1,0,0,0,0,0,0
2020-02-27T18:00:00,ITA,20,Sardegna,39.21531192,9.110616306,0,0,0,0,0,0,0,0,0,1,,,0,0,0,0,0,0,0,0
2020-02-27T18:00:00,ITA,19,Sicilia,38.11569725,13.3623567,1,0,1,1,2,-1,2,0,4,5,,,3,1,0,2,0,0,0,0
2020-02-27T18:00:00,ITA,9,Toscana,43.76923077,11.25588885,2,0,2,0,2,0,0,0,2,410,,,2,0,0,0,0,0,0,0
2020-02-27T18:00:00,ITA,10,Umbria,43.10675841,12.38824698,0,0,0,0,0,0,0,0,0,8,,,0,0,0,0,0,0,0,0
2020-02-27T18:00:00,ITA,2,Valle d'Aosta,45.73750286,7.320149366,0,0,0,0,0,0,0,0,0,9,,,0,0,0,0,0,0,0,0
2020-02-27T18:00:00,ITA,5,Veneto,45.43490485,12.33845213,19,8,27,82,109,40,0,2,111,6164,,,71,40,0,0,2,0,8,0
2020-02-28T18:00:00,ITA,13,Abruzzo,42.35122196,13.39843823,1,0,1,0,1,0,0,0,1,33,,,1,0,0,0,0,0,0,0
2020-02-28T18:00:00,ITA,17,Basilicata,40.63947052,15.80514834,0,0,0,0,0,0,0,0,0,0,,,0,0,0,0,0,0,0,0
2020-02-28T18:00:00,ITA,18,Calabria,38.90597598,16.59440194,0,0,0,1,1,1,0,0,1,21,,,0,1,0,0,0,0,0,0
2020-02-28T18:00:00,ITA,15,Campania,40.83956555,14.25084984,2,0,2,2,4,1,0,0,4,213,,,3,1,0,0,0,0,0,0
2020-02-28T18:00:00,ITA,8,Emilia Romagna,44.49436681,11.3417208,56,6,62,81,143,47,0,2,145,1277,,,97,48,0,0,1,1,6,0
2020-02-28T18:00:00,ITA,6,Friuli Venezia Giulia,45.6494354,13.76813649,0,0,0,0,0,0,0,0,0,169,,,0,0,0,0,0,0,0,0
2020-02-28T18:00:00,ITA,12,Lazio,41.89277044,12.48366722,0,0,0,0,0,0,3,0,3,611,,,3,0,3,0,0,0,0,0
2020-02-28T18:00:00,ITA,7,Liguria,44.41149315,8.9326992,9,0,9,10,19,0,0,0,19,112,,,19,0,0,0,0,0,0,0
2020-02-28T18:00:00,ITA,3,Lombardia,45.46679409,9.190347404,235,47,282,192,474,125,40,17,531,4835,,,403,128,40,0,14,3,41,6
2020-02-28T18:00:00,ITA,11,Marche,43.61675973,13.5188753,3,2,5,1,6,3,0,0,6,47,,,3,3,0,0,0,0,1,1
2020-02-28T18:00:00,ITA,14,Molise,41.55774754,14.65916051,0,0,0,0,0,0,0,0,0,0,,,0,0,0,0,0,0,0,0
2020-02-28T18:00:00,ITA,4,P.A. Bolzano,46.49933453,11.35662422,1,0,1,0,1,0,0,0,1,2,,,1,0,0,0,0,0,0,0
2020-02-28T18:00:00,ITA,4,P.A. Trento,46.06893511,11.12123097,0,0,0,0,0,0,0,0,0,32,,,0,0,0,0,0,0,0,0
2020-02-28T18:00:00,ITA,1,Piemonte,45.0732745,7.680687483,7,0,7,4,11,9,0,0,11,227,,,2,9,0,0,0,0,0,0
2020-02-28T18:00:00,ITA,16,Puglia,41.12559576,16.86736689,1,0,1,2,3,2,0,0,3,242,,,1,2,0,0,0,0,0,0
2020-02-28T18:00:00,ITA,20,Sardegna,39.21531192,9.110616306,0,0,0,0,0,0,0,0,0,1,,,0,0,0,0,0,0,0,0
2020-02-28T18:00:00,ITA,19,Sicilia,38.11569725,13.3623567,1,0,1,1,2,0,2,0,4,5,,,4,0,2,0,0,0,0,0
2020-02-28T18:00:00,ITA,9,Toscana,43.76923077,11.25588885,5,0,5,2,7,5,1,0,8,437,,,2,6,0,1,0,0,0,0
2020-02-28T18:00:00,ITA,10,Umbria,43.10675841,12.38824698,0,0,0,0,0,0,0,0,0,8,,,0,0,0,0,0,0,0,0
2020-02-28T18:00:00,ITA,2,Valle d'Aosta,45.73750286,7.320149366,0,0,0,0,0,0,0,0,0,9,,,0,0,0,0,0,0,0,0
2020-02-28T18:00:00,ITA,5,Veneto,45.43490485,12.33845213,24,9,33,116,149,40,0,2,151,7414,,,111,40,0,0,2,0,8,1
2020-02-29T17:00:00,ITA,13,Abruzzo,42.35122196,13.39843823,2,0,2,0,2,1,0,0,2,43,,,1,1,0,0,0,0,0,0
2020-02-29T17:00:00,ITA,17,Basilicata,40.63947052,15.80514834,0,0,0,0,0,0,0,0,0,32,,,0,0,0,0,0,0,0,0
2020-02-29T17:00:00,ITA,18,Calabria,38.90597598,16.59440194,0,0,0,1,1,0,0,0,1,27,,,1,0,0,0,0,0,0,0
2020-02-29T17:00:00,ITA,15,Campania,40.83956555,14.25084984,3,0,3,10,13,9,0,0,13,373,,,4,9,0,0,0,0,0,0
2020-02-29T17:00:00,ITA,8,Emilia Romagna,44.49436681,11.3417208,86,11,97,116,213,70,0,4,217,1550,,,145,72,0,0,2,2,6,5
2020-02-29T17:00:00,ITA,6,Friuli Venezia Giulia,45.6494354,13.76813649,0,0,0,0,0,0,0,0,0,189,,,0,0,0,0,0,0,0,0
2020-02-29T17:00:00,ITA,12,Lazio,41.89277044,12.48366722,3,0,3,0,3,3,3,0,6,679,,,3,3,3,0,0,0,0,0
2020-02-29T17:00:00,ITA,7,Liguria,44.41149315,8.9326992,4,1,5,33,38,19,4,0,42,121,,,19,23,0,4,0,0,0,1
2020-02-29T17:00:00,ITA,3,Lombardia,45.46679409,9.190347404,256,80,336,216,552,78,40,23,615,5723,,,531,84,40,0,17,6,47,33
2020-02-29T17:00:00,ITA,11,Marche,43.61675973,13.5188753,6,2,8,3,11,5,0,0,11,68,,,6,5,0,0,0,0,2,0
2020-02-29T17:00:00,ITA,14,Molise,41.55774754,14.65916051,0,0,0,0,0,0,0,0,0,0,,,0,0,0,0,0,0,0,0
2020-02-29T17:00:00,ITA,4,P.A. Bolzano,46.49933453,11.35662422,1,0,1,0,1,0,0,0,1,16,,,1,0,0,0,0,0,0,0
2020-02-29T17:00:00,ITA,4,P.A. Trento,46.06893511,11.12123097,0,0,0,0,0,0,0,0,0,43,,,0,0,0,0,0,0,0,0
2020-02-29T17:00:00,ITA,1,Piemonte,45.0732745,7.680687483,7,0,7,4,11,0,0,0,11,308,,,11,0,0,0,0,0,0,0
2020-02-29T17:00:00,ITA,16,Puglia,41.12559576,16.86736689,1,0,1,2,3,0,0,0,3,252,,,3,0,0,0,0,0,0,0
2020-02-29T17:00:00,ITA,20,Sardegna,39.21531192,9.110616306,0,0,0,0,0,0,0,0,0,1,,,0,0,0,0,0,0,0,0
2020-02-29T17:00:00,ITA,19,Sicilia,38.11569725,13.3623567,1,0,1,1,2,0,2,0,4,6,,,4,0,2,0,0,0,0,0
2020-02-29T17:00:00,ITA,9,Toscana,43.76923077,11.25588885,7,0,7,3,10,3,1,0,11,531,,,8,3,1,0,0,0,0,0
2020-02-29T17:00:00,ITA,10,Umbria,43.10675841,12.38824698,0,0,0,0,0,0,0,0,0,31,,,0,0,0,0,0,0,0,0
2020-02-29T17:00:00,ITA,2,Valle d'Aosta,45.73750286,7.320149366,0,0,0,0,0,0,0,0,0,9,,,0,0,0,0,0,0,0,0
2020-02-29T17:00:00,ITA,5,Veneto,45.43490485,12.33845213,24,11,35,154,189,40,0,2,191,8659,,,151,40,0,0,2,0,9,2
2020-03-01T17:00:00,ITA,13,Abruzzo,42.35122196,13.39843823,3,0,3,2,5,3,0,0,5,52,,,2,3,0,0,0,0,0,0
2020-03-01T17:00:00,ITA,17,Basilicata,40.63947052,15.80514834,0,0,0,0,0,0,0,0,0,39,,,0,0,0,0,0,0,0,0
2020-03-01T17:00:00,ITA,18,Calabria,38.90597598,16.59440194,0,0,0,1,1,0,0,0,1,35,,,1,0,0,0,0,0,0,0
2020-03-01T17:00:00,ITA,15,Campania,40.83956555,14.25084984,4,0,4,13,17,4,0,0,17,373,,,13,4,0,0,0,0,0,0
2020-03-01T17:00:00,ITA,8,Emilia Romagna,44.49436681,11.3417208,127,13,140,137,277,64,0,8,285,1795,,,217,68,0,0,4,4,11,2
2020-03-01T17:00:00,ITA,6,Friuli Venezia Giulia,45.6494354,13.76813649,0,0,0,6,6,6,0,0,6,243,,,0,6,0,0,0,0,0,0
2020-03-01T17:00:00,ITA,12,Lazio,41.89277044,12.48366722,3,0,3,0,3,0,3,0,6,724,,,6,0,3,0,0,0,0,0
2020-03-01T17:00:00,ITA,7,Liguria,44.41149315,8.9326992,12,1,13,8,21,-17,4,0,25,121,,,42,-17,4,0,0,0,1,0
2020-03-01T17:00:00,ITA,3,Lombardia,45.46679409,9.190347404,406,106,512,375,887,335,73,24,984,6879,,,615,369,40,33,23,1,80,26
2020-03-01T17:00:00,ITA,11,Marche,43.61675973,13.5188753,12,5,17,8,25,14,0,0,25,101,,,11,14,0,0,0,0,2,3
2020-03-01T17:00:00,ITA,14,Molise,41.55774754,14.65916051,0,0,0,0,0,0,0,0,0,6,,,0,0,0,0,0,0,0,0
2020-03-01T17:00:00,ITA,4,P.A. Bolzano,46.49933453,11.35662422,1,0,1,0,1,0,0,0,1,20,,,1,0,0,0,0,0,0,0
2020-03-01T17:00:00,ITA,4,P.A. Trento,46.06893511,11.12123097,0,0,0,0,0,0,0,0,0,122,,,0,0,0,0,0,0,0,0
2020-03-01T17:00:00,ITA,1,Piemonte,45.0732745,7.680687483,11,2,13,36,49,38,0,0,49,362,,,11,38,0,0,0,0,0,2
2020-03-01T17:00:00,ITA,16,Puglia,41.12559576,16.86736689,1,0,1,2,3,0,0,0,3,262,,,3,0,0,0,0,0,0,0
2020-03-01T17:00:00,ITA,20,Sardegna,39.21531192,9.110616306,0,0,0,0,0,0,0,0,0,29,,,0,0,0,0,0,0,0,0
2020-03-01T17:00:00,ITA,19,Sicilia,38.11569725,13.3623567,1,0,1,6,7,5,2,0,9,291,,,4,5,2,0,0,0,0,0
2020-03-01T17:00:00,ITA,9,Toscana,43.76923077,11.25588885,7,0,7,5,12,2,1,0,13,572,,,11,2,1,0,0,0,0,0
2020-03-01T17:00:00,ITA,10,Umbria,43.10675841,12.38824698,0,0,0,2,2,2,0,0,2,35,,,0,2,0,0,0,0,0,0
2020-03-01T17:00:00,ITA,2,Valle d'Aosta,45.73750286,7.320149366,0,0,0,0,0,0,0,0,0,10,,,0,0,0,0,0,0,0,0
2020-03-01T17:00:00,ITA,5,Veneto,45.43490485,12.33845213,51,13,64,197,261,72,0,2,263,9056,,,191,72,0,0,2,0,11,2
2020-03-02T18:00:00,ITA,13,Abruzzo,42.35122196,13.39843823,3,0,3,2,5,0,0,0,5,52,,,5,0,0,0,0,0,0,0
2020-03-02T18:00:00,ITA,17,Basilicata,40.63947052,15.80514834,0,0,0,0,0,0,0,0,0,39,,,0,0,0,0,0,0,0,0
2020-03-02T18:00:00,ITA,18,Calabria,38.90597598,16.59440194,0,0,0,1,1,0,0,0,1,39,,,1,0,0,0,0,0,0,0
2020-03-02T18:00:00,ITA,15,Campania,40.83956555,14.25084984,4,0,4,13,17,0,0,0,17,373,,,17,0,0,0,0,0,0,0
2020-03-02T18:00:00,ITA,8,Emilia Romagna,44.49436681,11.3417208,148,16,164,160,324,47,0,11,335,1973,,,285,50,0,0,8,3,13,3
2020-03-02T18:00:00,ITA,6,Friuli Venezia Giulia,45.6494354,13.76813649,0,0,0,9,9,3,0,0,9,269,,,6,3,0,0,0,0,0,0
2020-03-02T18:00:00,ITA,12,Lazio,41.89277044,12.48366722,3,0,3,1,4,1,3,0,7,773,,,6,1,3,0,0,0,0,0
2020-03-02T18:00:00,ITA,7,Liguria,44.41149315,8.9326992,12,1,13,5,18,-3,4,0,22,121,,,25,-3,4,0,0,0,1,0
2020-03-02T18:00:00,ITA,3,Lombardia,45.46679409,9.190347404,478,127,605,472,1077,190,139,38,1254,7925,,,984,270,73,66,24,14,106,21
2020-03-02T18:00:00,ITA,11,Marche,43.61675973,13.5188753,17,6,23,11,34,9,0,1,35,137,,,25,10,0,0,0,1,5,1
2020-03-02T18:00:00,ITA,14,Molise,41.55774754,14.65916051,0,0,0,0,0,0,0,0,0,13,,,0,0,0,0,0,0,0,0
2020-03-02T18:00:00,ITA,4,P.A. Bolzano,46.49933453,11.35662422,1,0,1,0,1,0,0,0,1,20,,,1,0,0,0,0,0,0,0
2020-03-02T18:00:00,ITA,4,P.A. Trento,46.06893511,11.12123097,0,0,0,0,0,0,0,0,0,122,,,0,0,0,0,0,0,0,0
2020-03-02T18:00:00,ITA,1,Piemonte,45.0732745,7.680687483,12,2,14,37,51,2,0,0,51,434,,,49,2,0,0,0,0,2,0
2020-03-02T18:00:00,ITA,16,Puglia,41.12559576,16.86736689,2,0,2,2,4,1,0,0,4,278,,,3,1,0,0,0,0,0,0
2020-03-02T18:00:00,ITA,20,Sardegna,39.21531192,9.110616306,0,0,0,0,0,0,0,0,0,29,,,0,0,0,0,0,0,0,0
2020-03-02T18:00:00,ITA,19,Sicilia,38.11569725,13.3623567,2,0,2,3,5,-2,2,0,7,307,,,9,-2,2,0,0,0,0,0
2020-03-02T18:00:00,ITA,9,Toscana,43.76923077,11.25588885,7,0,7,5,12,0,1,0,13,613,,,13,0,1,0,0,0,0,0
2020-03-02T18:00:00,ITA,10,Umbria,43.10675841,12.38824698,0,0,0,2,2,0,0,0,2,35,,,2,0,0,0,0,0,0,0
2020-03-02T18:00:00,ITA,2,Valle d'Aosta,45.73750286,7.320149366,0,0,0,0,0,0,0,0,0,11,,,0,0,0,0,0,0,0,0
2020-03-02T18:00:00,ITA,5,Veneto,45.43490485,12.33845213,53,14,67,204,271,10,0,2,273,9782,,,263,10,0,0,2,0,13,1
2020-03-03T18:00:00,ITA,13,Abruzzo,42.35122196,13.39843823,5,0,5,1,6,1,0,0,6,52,,,5,1,0,0,0,0,0,0
2020-03-03T18:00:00,ITA,17,Basilicata,40.63947052,15.80514834,0,0,0,1,1,1,0,0,1,42,,,0,1,0,0,0,0,0,0
2020-03-03T18:00:00,ITA,18,Calabria,38.90597598,16.59440194,0,0,0,1,1,0,0,0,1,39,,,1,0,0,0,0,0,0,0
2020-03-03T18:00:00,ITA,15,Campania,40.83956555,14.25084984,11,0,11,19,30,13,0,0,30,405,,,17,13,0,0,0,0,0,0
2020-03-03T18:00:00,ITA,8,Emilia Romagna,44.49436681,11.3417208,187,24,211,187,398,74,4,18,420,2012,,,335,85,0,4,11,7,16,8
2020-03-03T18:00:00,ITA,6,Friuli Venezia Giulia,45.6494354,13.76813649,1,0,1,12,13,4,0,0,13,354,,,9,4,0,0,0,0,0,0
2020-03-03T18:00:00,ITA,12,Lazio,41.89277044,12.48366722,10,0,10,1,11,7,3,0,14,877,,,7,7,3,0,0,0,0,0
2020-03-03T18:00:00,ITA,7,Liguria,44.41149315,8.9326992,12,2,14,5,19,1,4,1,24,121,,,22,2,4,0,0,1,1,1
2020-03-03T18:00:00,ITA,3,Lombardia,45.46679409,9.190347404,698,167,865,461,1326,249,139,55,1520,9577,,,1254,266,139,0,38,17,127,40
2020-03-03T18:00:00,ITA,11,Marche,43.61675973,13.5188753,27,13,40,19,59,25,0,2,61,200,,,35,26,0,0,1,1,6,7
2020-03-03T18:00:00,ITA,14,Molise,41.55774754,14.65916051,3,0,3,0,3,3,0,0,3,13,,,0,3,0,0,0,0,0,0
2020-03-03T18:00:00,ITA,4,P.A. Bolzano,46.49933453,11.35662422,1,0,1,0,1,0,0,0,1,20,,,1,0,0,0,0,0,0,0
2020-03-03T18:00:00,ITA,4,P.A. Trento,46.06893511,11.12123097,1,0,1,3,4,4,0,0,4,122,,,0,4,0,0,0,0,0,0
2020-03-03T18:00:00,ITA,1,Piemonte,45.0732745,7.680687483,13,3,16,40,56,5,0,0,56,458,,,51,5,0,0,0,0,2,1
2020-03-03T18:00:00,ITA,16,Puglia,41.12559576,16.86736689,2,0,2,4,6,2,0,0,6,298,,,4,2,0,0,0,0,0,0
2020-03-03T18:00:00,ITA,20,Sardegna,39.21531192,9.110616306,1,0,1,0,1,1,0,0,1,29,,,0,1,0,0,0,0,0,0
2020-03-03T18:00:00,ITA,19,Sicilia,38.11569725,13.3623567,2,0,2,3,5,0,2,0,7,307,,,7,0,2,0,0,0,0,0
2020-03-03T18:00:00,ITA,9,Toscana,43.76923077,11.25588885,10,0,10,8,18,6,1,0,19,697,,,13,6,1,0,0,0,0,0
2020-03-03T18:00:00,ITA,10,Umbria,43.10675841,12.38824698,1,1,2,6,8,6,0,0,8,45,,,2,6,0,0,0,0,0,1
2020-03-03T18:00:00,ITA,2,Valle d'Aosta,45.73750286,7.320149366,0,0,0,0,0,0,0,0,0,12,,,0,0,0,0,0,0,0,0
2020-03-03T18:00:00,ITA,5,Veneto,45.43490485,12.33845213,49,19,68,229,297,26,7,3,307,10176,,,273,34,0,7,2,1,14,5
2020-03-04T17:00:00,ITA,13,Abruzzo,42.35122196,13.39843823,7,0,7,0,7,1,0,0,7,85,,,6,1,0,0,0,0,0,0
2020-03-04T17:00:00,ITA,17,Basilicata,40.63947052,15.80514834,0,0,0,1,1,0,0,0,1,48,,,1,0,0,0,0,0,0,0
2020-03-04T17:00:00,ITA,18,Calabria,38.90597598,16.59440194,0,0,0,1,1,0,0,0,1,46,,,1,0,0,0,0,0,0,0
2020-03-04T17:00:00,ITA,15,Campania,40.83956555,14.25084984,11,0,11,20,31,1,0,0,31,429,,,30,1,0,0,0,0,0,0
2020-03-04T17:00:00,ITA,8,Emilia Romagna,44.49436681,11.3417208,256,26,282,234,516,118,6,22,544,2500,,,420,124,4,2,18,4,24,2
2020-03-04T17:00:00,ITA,6,Friuli Venezia Giulia,45.6494354,13.76813649,3,0,3,15,18,5,0,0,18,376,,,13,5,0,0,0,0,0,0
2020-03-04T17:00:00,ITA,12,Lazio,41.89277044,12.48366722,15,3,18,9,27,16,3,0,30,995,,,14,16,3,0,0,0,0,3
2020-03-04T17:00:00,ITA,7,Liguria,44.41149315,8.9326992,10,3,13,8,21,2,4,1,26,133,,,24,2,4,0,1,0,2,1
2020-03-04T17:00:00,ITA,3,Lombardia,45.46679409,9.190347404,877,209,1086,411,1497,171,250,73,1820,12138,,,1520,300,139,111,55,18,167,42
2020-03-04T17:00:00,ITA,11,Marche,43.61675973,13.5188753,34,15,49,31,80,21,0,4,84,288,,,61,23,0,0,2,2,13,2
2020-03-04T17:00:00,ITA,14,Molise,41.55774754,14.65916051,3,0,3,0,3,0,0,0,3,19,,,3,0,0,0,0,0,0,0
2020-03-04T17:00:00,ITA,4,P.A. Bolzano,46.49933453,11.35662422,1,0,1,0,1,0,0,0,1,20,,,1,0,0,0,0,0,0,0
2020-03-04T17:00:00,ITA,4,P.A. Trento,46.06893511,11.12123097,1,0,1,4,5,1,0,0,5,122,,,4,1,0,0,0,0,0,0
2020-03-04T17:00:00,ITA,1,Piemonte,45.0732745,7.680687483,26,13,39,43,82,26,0,0,82,543,,,56,26,0,0,0,0,3,10
2020-03-04T17:00:00,ITA,16,Puglia,41.12559576,16.86736689,4,0,4,3,7,1,1,1,9,322,,,6,3,0,1,0,1,0,0
2020-03-04T17:00:00,ITA,20,Sardegna,39.21531192,9.110616306,1,0,1,1,2,1,0,0,2,42,,,1,1,0,0,0,0,0,0
2020-03-04T17:00:00,ITA,19,Sicilia,38.11569725,13.3623567,5,0,5,11,16,11,2,0,18,367,,,7,11,2,0,0,0,0,0
2020-03-04T17:00:00,ITA,9,Toscana,43.76923077,11.25588885,15,2,17,20,37,19,1,0,38,776,,,19,19,1,0,0,0,0,2
2020-03-04T17:00:00,ITA,10,Umbria,43.10675841,12.38824698,1,1,2,7,9,1,0,0,9,58,,,8,1,0,0,0,0,1,0
2020-03-04T17:00:00,ITA,2,Valle d'Aosta,45.73750286,7.320149366,0,0,0,0,0,0,0,0,0,15,,,0,0,0,0,0,0,0,0
2020-03-04T17:00:00,ITA,5,Veneto,45.43490485,12.33845213,76,23,99,246,345,48,9,6,360,10515,,,307,53,7,2,3,3,19,4
2020-03-05T17:00:00,ITA,13,Abruzzo,42.35122196,13.39843823,8,0,8,0,8,1,0,0,8,96,,,7,1,0,0,0,0,0,0
2020-03-05T17:00:00,ITA,17,Basilicata,40.63947052,15.80514834,0,0,0,1,1,0,0,0,1,54,,,1,0,0,0,0,0,0,0
2020-03-05T17:00:00,ITA,18,Calabria,38.90597598,16.59440194,1,0,1,1,2,1,0,0,2,53,,,1,1,0,0,0,0,0,0
2020-03-05T17:00:00,ITA,15,Campania,40.83956555,14.25084984,12,0,12,33,45,14,0,0,45,471,,,31,14,0,0,0,0,0,0
2020-03-05T17:00:00,ITA,8,Emilia Romagna,44.49436681,11.3417208,327,32,359,299,658,142,10,30,698,2884,,,544,154,6,4,22,8,26,6
2020-03-05T17:00:00,ITA,6,Friuli Venezia Giulia,45.6494354,13.76813649,4,0,4,17,21,3,0,0,21,397,,,18,3,0,0,0,0,0,0
2020-03-05T17:00:00,ITA,12,Lazio,41.89277044,12.48366722,20,7,27,14,41,14,3,0,44,1175,,,30,14,3,0,0,0,3,4
2020-03-05T17:00:00,ITA,7,Liguria,44.41149315,8.9326992,11,3,14,7,21,0,4,3,28,146,,,26,2,4,0,1,2,3,0
2020-03-05T17:00:00,ITA,3,Lombardia,45.46679409,9.190347404,1169,244,1413,364,1777,280,376,98,2251,12354,,,1820,431,250,126,73,25,209,35
2020-03-05T17:00:00,ITA,11,Marche,43.61675973,13.5188753,57,19,76,44,120,40,0,4,124,413,,,84,40,0,0,4,0,15,4
2020-03-05T17:00:00,ITA,14,Molise,41.55774754,14.65916051,4,0,4,3,7,4,0,0,7,24,,,3,4,0,0,0,0,0,0
2020-03-05T17:00:00,ITA,4,P.A. Bolzano,46.49933453,11.35662422,1,0,1,0,1,0,0,0,1,20,,,1,0,0,0,0,0,0,0
2020-03-05T17:00:00,ITA,4,P.A. Trento,46.06893511,11.12123097,2,0,2,5,7,2,0,0,7,122,,,5,2,0,0,0,0,0,0
2020-03-05T17:00:00,ITA,1,Piemonte,45.0732745,7.680687483,43,17,60,46,106,24,0,2,108,543,,,82,26,0,0,0,2,13,4
2020-03-05T17:00:00,ITA,16,Puglia,41.12559576,16.86736689,5,1,6,6,12,5,1,1,14,359,,,9,5,1,0,1,0,0,1
2020-03-05T17:00:00,ITA,20,Sardegna,39.21531192,9.110616306,2,0,2,0,2,0,0,0,2,50,,,2,0,0,0,0,0,0,0
2020-03-05T17:00:00,ITA,19,Sicilia,38.11569725,13.3623567,5,0,5,11,16,0,2,0,18,367,,,18,0,2,0,0,0,0,0
2020-03-05T17:00:00,ITA,9,Toscana,43.76923077,11.25588885,26,3,29,31,60,23,1,0,61,776,,,38,23,1,0,0,0,2,1
2020-03-05T17:00:00,ITA,10,Umbria,43.10675841,12.38824698,1,1,2,7,9,0,0,0,9,88,,,9,0,0,0,0,0,1,0
2020-03-05T17:00:00,ITA,2,Valle d'Aosta,45.73750286,7.320149366,0,0,0,2,2,2,0,0,2,21,,,0,2,0,0,0,0,0,0
2020-03-05T17:00:00,ITA,5,Veneto,45.43490485,12.33845213,92,24,116,264,380,35,17,10,407,11949,,,360,47,9,8,6,4,23,1
2020-03-06T17:00:00,ITA,13,Abruzzo,42.35122196,13.39843823,9,0,9,0,9,1,0,0,9,96,,,8,1,0,0,0,0,0,0
2020-03-06T17:00:00,ITA,17,Basilicata,40.63947052,15.80514834,1,0,1,2,3,2,0,0,3,63,,,1,2,0,0,0,0,0,0
2020-03-06T17:00:00,ITA,18,Calabria,38.90597598,16.59440194,2,0,2,2,4,2,0,0,4,99,,,2,2,0,0,0,0,0,0
2020-03-06T17:00:00,ITA,15,Campania,40.83956555,14.25084984,12,0,12,45,57,12,0,0,57,471,,,45,12,0,0,0,0,0,0
2020-03-06T17:00:00,ITA,8,Emilia Romagna,44.49436681,11.3417208,397,53,450,366,816,158,17,37,870,3136,,,698,172,10,7,30,7,32,21
2020-03-06T17:00:00,ITA,6,Friuli Venezia Giulia,45.6494354,13.76813649,4,0,4,24,28,7,3,0,31,577,,,21,10,0,3,0,0,0,0
2020-03-06T17:00:00,ITA,12,Lazio,41.89277044,12.48366722,26,8,34,16,50,9,3,1,54,1373,,,44,10,3,0,0,1,7,1
2020-03-06T17:00:00,ITA,7,Liguria,44.41149315,8.9326992,12,5,17,7,24,3,5,3,32,229,,,28,4,4,1,3,0,3,2
2020-03-06T17:00:00,ITA,3,Lombardia,45.46679409,9.190347404,1622,309,1931,77,2008,231,469,135,2612,13556,,,2251,361,376,93,98,37,244,65
2020-03-06T17:00:00,ITA,11,Marche,43.61675973,13.5188753,73,20,93,62,155,35,0,4,159,585,,,124,35,0,0,4,0,19,1
2020-03-06T17:00:00,ITA,14,Molise,41.55774754,14.65916051,3,2,5,7,12,5,0,0,12,104,,,7,5,0,0,0,0,0,2
2020-03-06T17:00:00,ITA,4,P.A. Bolzano,46.49933453,11.35662422,4,0,4,0,4,3,0,0,4,36,,,1,3,0,0,0,0,0,0
2020-03-06T17:00:00,ITA,4,P.A. Trento,46.06893511,11.12123097,4,0,4,6,10,3,0,0,10,122,,,7,3,0,0,0,0,0,0
2020-03-06T17:00:00,ITA,1,Piemonte,45.0732745,7.680687483,57,30,87,52,139,33,0,4,143,793,,,108,35,0,0,2,2,17,13
2020-03-06T17:00:00,ITA,16,Puglia,41.12559576,16.86736689,5,1,6,9,15,3,1,1,17,395,,,14,3,1,0,1,0,1,0
2020-03-06T17:00:00,ITA,20,Sardegna,39.21531192,9.110616306,2,0,2,3,5,3,0,0,5,99,,,2,3,0,0,0,0,0,0
2020-03-06T17:00:00,ITA,19,Sicilia,38.11569725,13.3623567,7,0,7,15,22,6,2,0,24,367,,,18,6,2,0,0,0,0,0
2020-03-06T17:00:00,ITA,9,Toscana,43.76923077,11.25588885,35,5,40,38,78,18,1,0,79,1097,,,61,18,1,0,0,0,3,2
2020-03-06T17:00:00,ITA,10,Umbria,43.10675841,12.38824698,2,2,4,12,16,7,0,0,16,110,,,9,7,0,0,0,0,1,1
2020-03-06T17:00:00,ITA,2,Valle d'Aosta,45.73750286,7.320149366,0,0,0,7,7,5,0,0,7,28,,,2,5,0,0,0,0,0,0
2020-03-06T17:00:00,ITA,5,Veneto,45.43490485,12.33845213,117,27,144,310,454,74,22,12,488,13023,,,407,81,17,5,10,2,24,3
2020-03-07T18:00:00,ITA,13,Abruzzo,42.35122196,13.39843823,11,0,11,0,11,2,0,0,11,123,,,9,2,0,0,0,0,0,0
2020-03-07T18:00:00,ITA,17,Basilicata,40.63947052,15.80514834,1,0,1,2,3,0,0,0,3,75,,,3,0,0,0,0,0,0,0
2020-03-07T18:00:00,ITA,18,Calabria,38.90597598,16.59440194,2,0,2,2,4,0,0,0,4,113,,,4,0,0,0,0,0,0,0
2020-03-07T18:00:00,ITA,15,Campania,40.83956555,14.25084984,16,0,16,45,61,4,0,0,61,612,,,57,4,0,0,0,0,0,0
2020-03-07T18:00:00,ITA,8,Emilia Romagna,44.49436681,11.3417208,464,64,528,409,937,121,25,48,1010,3604,,,870,140,17,8,37,11,53,11
2020-03-07T18:00:00,ITA,6,Friuli Venezia Giulia,45.6494354,13.76813649,7,1,8,31,39,11,3,0,42,577,,,31,11,3,0,0,0,0,1
2020-03-07T18:00:00,ITA,12,Lazio,41.89277044,12.48366722,43,8,51,21,72,22,3,1,76,1582,,,54,22,3,0,1,0,8,0
2020-03-07T18:00:00,ITA,7,Liguria,44.41149315,8.9326992,26,6,32,10,42,18,5,4,51,331,,,32,19,5,0,3,1,5,1
2020-03-07T18:00:00,ITA,3,Lombardia,45.46679409,9.190347404,1661,359,2020,722,2742,734,524,154,3420,15778,pd-IT-0002,pd-EN-0002,2612,808,469,55,135,19,309,50
2020-03-07T18:00:00,ITA,11,Marche,43.61675973,13.5188753,94,36,130,71,201,46,0,6,207,816,,,159,48,0,0,4,2,20,16
2020-03-07T18:00:00,ITA,14,Molise,41.55774754,14.65916051,3,2,5,9,14,2,0,0,14,112,,,12,2,0,0,0,0,2,0
2020-03-07T18:00:00,ITA,4,P.A. Bolzano,46.49933453,11.35662422,8,0,8,1,9,5,0,0,9,36,,,4,5,0,0,0,0,0,0
2020-03-07T18:00:00,ITA,4,P.A. Trento,46.06893511,11.12123097,6,1,7,7,14,4,0,0,14,194,,,10,4,0,0,0,0,0,1
2020-03-07T18:00:00,ITA,1,Piemonte,45.0732745,7.680687483,110,38,148,54,202,63,0,5,207,1046,,,143,64,0,0,4,1,30,8
2020-03-07T18:00:00,ITA,16,Puglia,41.12559576,16.86736689,9,2,11,12,23,8,1,2,26,395,,,17,9,1,0,1,1,1,1
2020-03-07T18:00:00,ITA,20,Sardegna,39.21531192,9.110616306,2,0,2,3,5,0,0,0,5,99,,,5,0,0,0,0,0,0,0
2020-03-07T18:00:00,ITA,19,Sicilia,38.11569725,13.3623567,8,0,8,25,33,11,2,0,35,643,,,24,11,2,0,0,0,0,0
2020-03-07T18:00:00,ITA,9,Toscana,43.76923077,11.25588885,54,7,61,51,112,34,1,0,113,1331,,,79,34,1,0,0,0,5,2
2020-03-07T18:00:00,ITA,10,Umbria,43.10675841,12.38824698,2,2,4,20,24,8,0,0,24,134,,,16,8,0,0,0,0,2,0
2020-03-07T18:00:00,ITA,2,Valle d'Aosta,45.73750286,7.320149366,1,0,1,7,8,1,0,0,8,32,,,7,1,0,0,0,0,0,0
2020-03-07T18:00:00,ITA,5,Veneto,45.43490485,12.33845213,123,41,164,341,505,51,25,13,543,14429,,,488,55,22,3,12,1,27,14
2020-03-08T18:00:00,ITA,13,Abruzzo,42.35122196,13.39843823,14,0,14,3,17,6,0,0,17,163,,,11,6,0,0,0,0,0,0
2020-03-08T18:00:00,ITA,17,Basilicata,40.63947052,15.80514834,2,0,2,2,4,1,0,0,4,123,,,3,1,0,0,0,0,0,0
2020-03-08T18:00:00,ITA,18,Calabria,38.90597598,16.59440194,5,0,5,4,9,5,0,0,9,113,,,4,5,0,0,0,0,0,0
2020-03-08T18:00:00,ITA,15,Campania,40.83956555,14.25084984,30,7,37,63,100,39,1,0,101,980,,,61,40,0,1,0,0,0,7
2020-03-08T18:00:00,ITA,8,Emilia Romagna,44.49436681,11.3417208,542,75,617,480,1097,160,27,56,1180,4344,,,1010,170,25,2,48,8,64,11
2020-03-08T18:00:00,ITA,6,Friuli Venezia Giulia,45.6494354,13.76813649,7,1,8,45,53,14,3,1,57,997,,,42,15,3,0,0,1,1,0
2020-03-08T18:00:00,ITA,12,Lazio,41.89277044,12.48366722,47,8,55,26,81,9,3,3,87,1929,,,76,11,3,0,1,2,8,0
2020-03-08T18:00:00,ITA,7,Liguria,44.41149315,8.9326992,39,11,50,17,67,25,5,6,78,401,,,51,27,5,0,4,2,6,5
2020-03-08T18:00:00,ITA,3,Lombardia,45.46679409,9.190347404,2217,399,2616,756,3372,630,550,267,4189,18534,,,3420,769,524,26,154,113,359,40
2020-03-08T18:00:00,ITA,11,Marche,43.61675973,13.5188753,110,41,151,114,265,64,0,7,272,1025,,,207,65,0,0,6,1,36,5
2020-03-08T18:00:00,ITA,14,Molise,41.55774754,14.65916051,4,2,6,8,14,0,0,0,14,116,,,14,0,0,0,0,0,2,0
2020-03-08T18:00:00,ITA,4,P.A. Bolzano,46.49933453,11.35662422,8,0,8,1,9,0,0,0,9,36,,,9,0,0,0,0,0,0,0
2020-03-08T18:00:00,ITA,4,P.A. Trento,46.06893511,11.12123097,7,2,9,14,23,9,0,0,23,228,,,14,9,0,0,0,0,1,1
2020-03-08T18:00:00,ITA,1,Piemonte,45.0732745,7.680687483,245,45,290,65,355,153,0,5,360,1636,,,207,153,0,0,5,0,38,7
2020-03-08T18:00:00,ITA,16,Puglia,41.12559576,16.86736689,17,3,20,16,36,13,1,3,40,627,,,26,14,1,0,2,1,2,1
2020-03-08T18:00:00,ITA,20,Sardegna,39.21531192,9.110616306,5,0,5,6,11,6,0,0,11,149,,,5,6,0,0,0,0,0,0
2020-03-08T18:00:00,ITA,19,Sicilia,38.11569725,13.3623567,18,0,18,33,51,18,2,0,53,791,,,35,18,2,0,0,0,0,0
2020-03-08T18:00:00,ITA,9,Toscana,43.76923077,11.25588885,91,7,98,67,165,53,1,0,166,1618,,,113,53,1,0,0,0,7,0
2020-03-08T18:00:00,ITA,10,Umbria,43.10675841,12.38824698,2,2,4,22,26,2,0,0,26,168,,,24,2,0,0,0,0,2,0
2020-03-08T18:00:00,ITA,2,Valle d'Aosta,45.73750286,7.320149366,1,0,1,8,9,1,0,0,9,41,,,8,1,0,0,0,0,0,0
2020-03-08T18:00:00,ITA,5,Veneto,45.43490485,12.33845213,146,47,193,430,623,118,29,18,670,15918,,,543,127,25,4,13,5,41,6
2020-03-09T18:00:00,ITA,13,Abruzzo,42.35122196,13.39843823,25,0,25,5,30,13,0,0,30,237,,,17,13,0,0,0,0,0,0
2020-03-09T18:00:00,ITA,17,Basilicata,40.63947052,15.80514834,2,0,2,3,5,1,0,0,5,135,,,4,1,0,0,0,0,0,0
2020-03-09T18:00:00,ITA,18,Calabria,38.90597598,16.59440194,8,0,8,1,9,0,2,0,11,173,,,9,2,0,2,0,0,0,0
2020-03-09T18:00:00,ITA,15,Campania,40.83956555,14.25084984,42,8,50,69,119,19,1,0,120,980,,,101,19,1,0,0,0,7,1
2020-03-09T18:00:00,ITA,8,Emilia Romagna,44.49436681,11.3417208,576,90,666,620,1286,189,30,70,1386,4906,,,1180,206,27,3,56,14,75,15
2020-03-09T18:00:00,ITA,6,Friuli Venezia Giulia,45.6494354,13.76813649,18,1,19,70,89,36,3,1,93,1344,,,57,36,3,0,1,0,1,0
2020-03-09T18:00:00,ITA,12,Lazio,41.89277044,12.48366722,55,8,63,31,94,13,3,5,102,1929,,,87,15,3,0,3,2,8,0
2020-03-09T18:00:00,ITA,7,Liguria,44.41149315,8.9326992,60,17,77,20,97,30,5,7,109,611,,,78,31,5,0,6,1,11,6
2020-03-09T18:00:00,ITA,3,Lombardia,45.46679409,9.190347404,2802,440,3242,1248,4490,1118,646,333,5469,20135,,,4189,1280,550,96,267,66,399,41
2020-03-09T18:00:00,ITA,11,Marche,43.61675973,13.5188753,136,47,183,130,313,48,0,10,323,1250,,,272,51,0,0,7,3,41,6
2020-03-09T18:00:00,ITA,14,Molise,41.55774754,14.65916051,4,2,6,8,14,0,0,0,14,212,,,14,0,0,0,0,0,2,0
2020-03-09T18:00:00,ITA,4,P.A. Bolzano,46.49933453,11.35662422,8,0,8,1,9,0,0,0,9,36,,,9,0,0,0,0,0,0,0
2020-03-09T18:00:00,ITA,4,P.A. Trento,46.06893511,11.12123097,10,2,12,21,33,10,0,0,33,267,,,23,10,0,0,0,0,2,0
2020-03-09T18:00:00,ITA,1,Piemonte,45.0732745,7.680687483,222,50,272,65,337,-18,0,13,350,1681,,,360,-10,0,0,5,8,45,5
2020-03-09T18:00:00,ITA,16,Puglia,41.12559576,16.86736689,20,6,26,20,46,10,1,3,50,685,,,40,10,1,0,3,0,3,3
2020-03-09T18:00:00,ITA,20,Sardegna,39.21531192,9.110616306,8,0,8,11,19,8,0,0,19,185,,,11,8,0,0,0,0,0,0
2020-03-09T18:00:00,ITA,19,Sicilia,38.11569725,13.3623567,19,0,19,33,52,1,2,0,54,836,,,53,1,2,0,0,0,0,0
2020-03-09T18:00:00,ITA,9,Toscana,43.76923077,11.25588885,107,9,116,90,206,41,1,1,208,2018,,,166,42,1,0,0,1,7,2
2020-03-09T18:00:00,ITA,10,Umbria,43.10675841,12.38824698,4,2,6,22,28,2,0,0,28,183,,,26,2,0,0,0,0,2,0
2020-03-09T18:00:00,ITA,2,Valle d'Aosta,45.73750286,7.320149366,4,0,4,11,15,6,0,0,15,67,,,9,6,0,0,0,0,0,0
2020-03-09T18:00:00,ITA,5,Veneto,45.43490485,12.33845213,186,51,237,457,694,71,30,20,744,15956,,,670,74,29,1,18,2,47,4
2020-03-10T18:00:00,ITA,13,Abruzzo,42.35122196,13.39843823,17,9,26,11,37,7,0,1,38,310,,,30,8,0,0,0,1,0,9
2020-03-10T18:00:00,ITA,17,Basilicata,40.63947052,15.80514834,2,0,2,5,7,2,0,0,7,148,,,5,2,0,0,0,0,0,0
2020-03-10T18:00:00,ITA,18,Calabria,38.90597598,16.59440194,8,2,10,1,11,2,2,0,13,360,,,11,2,2,0,0,0,0,2
2020-03-10T18:00:00,ITA,15,Campania,40.83956555,14.25084984,33,8,41,85,126,7,1,0,127,1141,,,120,7,1,0,0,0,8,0
2020-03-10T18:00:00,ITA,8,Emilia Romagna,44.49436681,11.3417208,669,98,767,650,1417,131,31,85,1533,5494,,,1386,147,30,1,70,15,90,8
2020-03-10T18:00:00,ITA,6,Friuli Venezia Giulia,45.6494354,13.76813649,27,6,33,77,110,21,3,3,116,1602,,,93,23,3,0,1,2,1,5
2020-03-10T18:00:00,ITA,12,Lazio,41.89277044,12.48366722,50,15,65,34,99,5,11,6,116,3591,,,102,14,3,8,5,1,8,7
2020-03-10T18:00:00,ITA,7,Liguria,44.41149315,8.9326992,57,29,86,42,128,31,5,8,141,694,,,109,32,5,0,7,1,17,12
2020-03-10T18:00:00,ITA,3,Lombardia,45.46679409,9.190347404,3319,466,3785,642,4427,-63,896,468,5791,21479,pd-IT-0004,pd-EN-0004,5469,322,646,250,333,135,440,26
2020-03-10T18:00:00,ITA,11,Marche,43.61675973,13.5188753,152,54,206,175,381,68,0,13,394,1437,,,323,71,0,0,10,3,47,7
2020-03-10T18:00:00,ITA,14,Molise,41.55774754,14.65916051,3,3,6,9,15,1,0,0,15,225,,,14,1,0,0,0,0,2,1
2020-03-10T18:00:00,ITA,4,P.A. Bolzano,46.49933453,11.35662422,17,1,18,20,38,29,0,0,38,36,,,9,29,0,0,0,0,0,1
2020-03-10T18:00:00,ITA,4,P.A. Trento,46.06893511,11.12123097,19,3,22,28,50,17,2,0,52,399,,,33,19,0,2,0,0,2,1
2020-03-10T18:00:00,ITA,1,Piemonte,45.0732745,7.680687483,306,66,372,64,436,99,0,17,453,2374,,,350,103,0,0,13,4,50,16
2020-03-10T18:00:00,ITA,16,Puglia,41.12559576,16.86736689,28,6,34,21,55,9,1,3,59,747,,,50,9,1,0,3,0,6,0
2020-03-10T18:00:00,ITA,20,Sardegna,39.21531192,9.110616306,9,0,9,11,20,1,0,0,20,204,,,19,1,0,0,0,0,0,0
2020-03-10T18:00:00,ITA,19,Sicilia,38.11569725,13.3623567,17,2,19,41,60,8,2,0,62,955,,,54,8,2,0,0,0,0,2
2020-03-10T18:00:00,ITA,9,Toscana,43.76923077,11.25588885,91,40,131,129,260,54,3,1,264,2573,,,208,56,1,2,1,0,9,31
2020-03-10T18:00:00,ITA,10,Umbria,43.10675841,12.38824698,8,2,10,27,37,9,0,0,37,260,,,28,9,0,0,0,0,2,0
2020-03-10T18:00:00,ITA,2,Valle d'Aosta,45.73750286,7.320149366,2,0,2,15,17,2,0,0,17,89,,,15,2,0,0,0,0,0,0
2020-03-10T18:00:00,ITA,5,Veneto,45.43490485,12.33845213,204,67,271,512,783,89,47,26,856,16643,,,744,112,30,17,20,6,51,16
2020-03-11T17:00:00,ITA,13,Abruzzo,42.35122196,13.39843823,17,9,26,11,37,0,0,1,38,310,nd-IT-0001,nd-EN-0001,38,0,0,0,1,0,9,0
2020-03-11T17:00:00,ITA,17,Basilicata,40.63947052,15.80514834,1,1,2,6,8,1,0,0,8,155,,,7,1,0,0,0,0,0,1
2020-03-11T17:00:00,ITA,18,Calabria,38.90597598,16.59440194,10,2,12,5,17,6,2,0,19,405,,,13,6,2,0,0,0,2,0
2020-03-11T17:00:00,ITA,15,Campania,40.83956555,14.25084984,56,11,67,82,149,23,4,1,154,1375,,,127,27,1,3,0,1,8,3
2020-03-11T17:00:00,ITA,8,Emilia Romagna,44.49436681,11.3417208,745,104,849,739,1588,171,38,113,1739,6640,,,1533,206,31,7,85,28,98,6
2020-03-11T17:00:00,ITA,6,Friuli Venezia Giulia,45.6494354,13.76813649,16,5,21,89,110,0,10,6,126,2073,,,116,10,3,7,3,3,6,-1
2020-03-11T17:00:00,ITA,12,Lazio,41.89277044,12.48366722,67,18,85,40,125,26,19,6,150,3591,,,116,34,11,8,6,0,15,3
2020-03-11T17:00:00,ITA,7,Liguria,44.41149315,8.9326992,74,34,108,73,181,53,5,8,194,1025,,,141,53,5,0,8,0,29,5
2020-03-11T17:00:00,ITA,3,Lombardia,45.46679409,9.190347404,3852,560,4412,1351,5763,1336,900,617,7280,25629,,,5791,1489,896,4,468,149,466,94
2020-03-11T17:00:00,ITA,11,Marche,43.61675973,13.5188753,212,66,278,183,461,80,0,18,479,1656,,,394,85,0,0,13,5,54,12
2020-03-11T17:00:00,ITA,14,Molise,41.55774754,14.65916051,4,3,7,9,16,1,0,0,16,233,,,15,1,0,0,0,0,3,0
2020-03-11T17:00:00,ITA,4,P.A. Bolzano,46.49933453,11.35662422,8,4,12,63,75,37,0,0,75,75,,,38,37,0,0,0,0,1,3
2020-03-11T17:00:00,ITA,4,P.A. Trento,46.06893511,11.12123097,28,4,32,42,74,24,3,0,77,527,,,52,25,2,1,0,0,3,1
2020-03-11T17:00:00,ITA,1,Piemonte,45.0732745,7.680687483,319,75,394,86,480,44,0,21,501,2431,,,453,48,0,0,17,4,66,9
2020-03-11T17:00:00,ITA,16,Puglia,41.12559576,16.86736689,38,4,42,29,71,16,1,5,77,909,,,59,18,1,0,3,2,6,-2
2020-03-11T17:00:00,ITA,20,Sardegna,39.21531192,9.110616306,10,0,10,27,37,17,0,0,37,283,,,20,17,0,0,0,0,0,0
2020-03-11T17:00:00,ITA,19,Sicilia,38.11569725,13.3623567,23,1,24,57,81,21,2,0,83,1194,,,62,21,2,0,0,0,2,-1
2020-03-11T17:00:00,ITA,9,Toscana,43.76923077,11.25588885,87,54,141,173,314,54,5,1,320,2804,,,264,56,3,2,1,0,40,14
2020-03-11T17:00:00,ITA,10,Umbria,43.10675841,12.38824698,7,5,12,32,44,7,2,0,46,340,,,37,9,0,2,0,0,2,3
2020-03-11T17:00:00,ITA,2,Valle d'Aosta,45.73750286,7.320149366,2,0,2,17,19,2,0,1,20,99,,,17,3,0,0,0,1,0,0
2020-03-11T17:00:00,ITA,5,Veneto,45.43490485,12.33845213,262,68,330,610,940,157,54,29,1023,21400,,,856,167,47,7,26,3,67,1
2020-03-12T17:00:00,ITA,13,Abruzzo,42.35122196,13.39843823,47,12,59,19,78,41,4,2,84,867,,,38,46,0,4,1,1,9,3
2020-03-12T17:00:00,ITA,17,Basilicata,40.63947052,15.80514834,1,1,2,6,8,0,0,0,8,155,,,8,0,0,0,0,0,1,0
2020-03-12T17:00:00,ITA,18,Calabria,38.90597598,16.59440194,14,2,16,16,32,15,1,0,33,483,,,19,14,2,-1,0,0,2,0
2020-03-12T17:00:00,ITA,15,Campania,40.83956555,14.25084984,56,11,67,107,174,25,4,1,179,1551,,,154,25,4,0,1,0,11,0
2020-03-12T17:00:00,ITA,8,Emilia Romagna,44.49436681,11.3417208,814,112,926,832,1758,170,43,146,1947,7600,,,1739,208,38,5,113,33,104,8
2020-03-12T17:00:00,ITA,6,Friuli Venezia Giulia,45.6494354,13.76813649,23,10,33,115,148,38,11,8,167,2604,,,126,41,10,1,6,2,5,5
2020-03-12T17:00:00,ITA,12,Lazio,41.89277044,12.48366722,85,20,105,67,172,47,19,9,200,5592,,,150,50,19,0,6,3,18,2
2020-03-12T17:00:00,ITA,7,Liguria,44.41149315,8.9326992,100,36,136,107,243,62,20,11,274,1174,,,194,80,5,15,8,3,34,2
2020-03-12T17:00:00,ITA,3,Lombardia,45.46679409,9.190347404,4247,605,4852,2044,6896,1133,1085,744,8725,29534,,,7280,1445,900,185,617,127,560,45
2020-03-12T17:00:00,ITA,11,Marche,43.61675973,13.5188753,254,76,330,240,570,109,0,22,592,1907,,,479,113,0,0,18,4,66,10
2020-03-12T17:00:00,ITA,14,Molise,41.55774754,14.65916051,4,3,7,9,16,0,0,0,16,238,,,16,0,0,0,0,0,3,0
2020-03-12T17:00:00,ITA,4,P.A. Bolzano,46.49933453,11.35662422,21,4,25,78,103,28,0,1,104,607,,,75,29,0,0,0,1,4,0
2020-03-12T17:00:00,ITA,4,P.A. Trento,46.06893511,11.12123097,43,5,48,54,102,28,4,1,107,593,,,77,30,3,1,0,1,4,1
2020-03-12T17:00:00,ITA,1,Piemonte,45.0732745,7.680687483,368,97,465,89,554,74,0,26,580,2879,,,501,79,0,0,21,5,75,22
2020-03-12T17:00:00,ITA,16,Puglia,41.12559576,16.86736689,58,2,60,38,98,27,1,5,104,1269,,,77,27,1,0,5,0,4,-2
2020-03-12T17:00:00,ITA,20,Sardegna,39.21531192,9.110616306,12,0,12,27,39,2,0,0,39,302,,,37,2,0,0,0,0,0,0
2020-03-12T17:00:00,ITA,19,Sicilia,38.11569725,13.3623567,28,5,33,78,111,30,2,2,115,1477,,,83,32,2,0,0,2,1,4
2020-03-12T17:00:00,ITA,9,Toscana,43.76923077,11.25588885,100,59,159,193,352,38,7,5,364,3165,,,320,44,5,2,1,4,54,5
2020-03-12T17:00:00,ITA,10,Umbria,43.10675841,12.38824698,8,8,16,46,62,18,2,0,64,458,,,46,18,2,0,0,0,5,3
2020-03-12T17:00:00,ITA,2,Valle d'Aosta,45.73750286,7.320149366,7,0,7,19,26,7,0,1,27,118,,,20,7,0,0,1,0,0,0
2020-03-12T17:00:00,ITA,5,Veneto,45.43490485,12.33845213,360,85,445,852,1297,357,55,32,1384,23438,,,1023,361,54,1,29,3,68,17
2020-03-13T17:00:00,ITA,13,Abruzzo,42.35122196,13.39843823,42,14,56,27,83,5,4,2,89,958,,,84,5,4,0,2,0,12,2
2020-03-13T17:00:00,ITA,17,Basilicata,40.63947052,15.80514834,1,1,2,8,10,2,0,0,10,155,,,8,2,0,0,0,0,1,0
2020-03-13T17:00:00,ITA,18,Calabria,38.90597598,16.59440194,18,3,21,16,37,5,1,0,38,504,,,33,5,1,0,0,0,2,1
2020-03-13T17:00:00,ITA,15,Campania,40.83956555,14.25084984,60,19,79,134,213,39,5,2,220,1671,,,179,41,4,1,1,1,11,8
2020-03-13T17:00:00,ITA,8,Emilia Romagna,44.49436681,11.3417208,942,128,1070,941,2011,253,51,201,2263,8787,,,1947,316,43,8,146,55,112,16
2020-03-13T17:00:00,ITA,6,Friuli Venezia Giulia,45.6494354,13.76813649,59,8,67,169,236,88,11,10,257,3149,,,167,90,11,0,8,2,10,-2
2020-03-13T17:00:00,ITA,12,Lazio,41.89277044,12.48366722,122,24,146,96,242,70,24,11,277,6491,,,200,77,19,5,9,2,20,4
2020-03-13T17:00:00,ITA,7,Liguria,44.41149315,8.9326992,128,44,172,132,304,61,24,17,345,1442,,,274,71,20,4,11,6,36,8
2020-03-13T17:00:00,ITA,3,Lombardia,45.46679409,9.190347404,4435,650,5085,2647,7732,836,1198,890,9820,32700,,,8725,1095,1085,113,744,146,605,45
2020-03-13T17:00:00,ITA,11,Marche,43.61675973,13.5188753,337,85,422,276,698,128,0,27,725,2218,,,592,133,0,0,22,5,76,9
2020-03-13T17:00:00,ITA,14,Molise,41.55774754,14.65916051,5,3,8,9,17,1,0,0,17,243,,,16,1,0,0,0,0,3,0
2020-03-13T17:00:00,ITA,4,P.A. Bolzano,46.49933453,11.35662422,20,5,25,98,123,20,0,2,125,811,,,104,21,0,0,1,1,4,1
2020-03-13T17:00:00,ITA,4,P.A. Trento,46.06893511,11.12123097,58,6,64,93,157,55,4,2,163,846,,,107,56,4,0,1,1,5,1
2020-03-13T17:00:00,ITA,1,Piemonte,45.0732745,7.680687483,556,135,691,103,794,240,0,46,840,3105,,,580,260,0,0,26,20,97,38
2020-03-13T17:00:00,ITA,16,Puglia,41.12559576,16.86736689,77,2,79,42,121,23,3,5,129,1449,,,104,25,1,2,5,0,2,0
2020-03-13T17:00:00,ITA,20,Sardegna,39.21531192,9.110616306,12,0,12,31,43,4,0,0,43,504,,,39,4,0,0,0,0,0,0
2020-03-13T17:00:00,ITA,19,Sicilia,38.11569725,13.3623567,37,7,44,82,126,15,2,2,130,1950,,,115,15,2,0,2,0,5,2
2020-03-13T17:00:00,ITA,9,Toscana,43.76923077,11.25588885,134,77,211,244,455,103,10,5,470,4049,,,364,106,7,3,5,0,59,18
2020-03-13T17:00:00,ITA,10,Umbria,43.10675841,12.38824698,11,10,21,52,73,11,2,1,76,576,,,64,12,2,0,0,1,8,2
2020-03-13T17:00:00,ITA,2,Valle d'Aosta,45.73750286,7.320149366,6,0,6,21,27,1,0,1,28,189,,,27,1,0,0,1,0,0,0
2020-03-13T17:00:00,ITA,5,Veneto,45.43490485,12.33845213,366,107,473,980,1453,156,100,42,1595,25691,,,1384,211,55,45,32,10,85,22
2020-03-14T17:00:00,ITA,13,Abruzzo,42.35122196,13.39843823,51,14,65,41,106,23,4,2,112,1232,,,89,23,4,0,2,0,14,0
2020-03-14T17:00:00,ITA,17,Basilicata,40.63947052,15.80514834,0,2,2,8,10,0,0,0,10,155,,,10,0,0,0,0,0,1,1
2020-03-14T17:00:00,ITA,18,Calabria,38.90597598,16.59440194,22,4,26,33,59,22,1,0,60,711,,,38,22,1,0,0,0,3,1
2020-03-14T17:00:00,ITA,15,Campania,40.83956555,14.25084984,72,17,89,154,243,30,23,6,272,1936,,,220,52,5,18,2,4,19,-2
2020-03-14T17:00:00,ITA,8,Emilia Romagna,44.49436681,11.3417208,1076,152,1228,1121,2349,338,54,241,2644,10043,,,2263,381,51,3,201,40,128,24
2020-03-14T17:00:00,ITA,6,Friuli Venezia Giulia,45.6494354,13.76813649,67,11,78,193,271,35,17,13,301,3376,,,257,44,11,6,10,3,8,3
2020-03-14T17:00:00,ITA,12,Lazio,41.89277044,12.48366722,181,25,206,114,320,78,24,13,357,7335,,,277,80,24,0,11,2,24,1
2020-03-14T17:00:00,ITA,7,Liguria,44.41149315,8.9326992,213,62,275,109,384,80,52,27,463,1750,,,345,118,24,28,17,10,44,18
2020-03-14T17:00:00,ITA,3,Lombardia,45.46679409,9.190347404,4898,732,5630,3429,9059,1327,1660,966,11685,37138,,,9820,1865,1198,462,890,76,650,82
2020-03-14T17:00:00,ITA,11,Marche,43.61675973,13.5188753,449,93,542,321,863,165,0,36,899,2561,,,725,174,0,0,27,9,85,8
2020-03-14T17:00:00,ITA,14,Molise,41.55774754,14.65916051,5,3,8,9,17,0,0,0,17,247,,,17,0,0,0,0,0,3,0
2020-03-14T17:00:00,ITA,4,P.A. Bolzano,46.49933453,11.35662422,26,7,33,137,170,47,0,3,173,1135,,,125,48,0,0,2,1,5,2
2020-03-14T17:00:00,ITA,4,P.A. Trento,46.06893511,11.12123097,68,12,80,119,199,42,5,2,206,1006,,,163,43,4,1,2,0,6,6
2020-03-14T17:00:00,ITA,1,Piemonte,45.0732745,7.680687483,538,150,688,126,814,20,0,59,873,3680,,,840,33,0,0,46,13,135,15
2020-03-14T17:00:00,ITA,16,Puglia,41.12559576,16.86736689,91,6,97,59,156,35,2,8,166,1681,,,129,37,3,-1,5,3,2,4
2020-03-14T17:00:00,ITA,20,Sardegna,39.21531192,9.110616306,14,0,14,33,47,4,0,0,47,530,,,43,4,0,0,0,0,0,0
2020-03-14T17:00:00,ITA,19,Sicilia,38.11569725,13.3623567,42,11,53,97,150,24,4,2,156,2100,,,130,26,2,2,2,0,7,4
2020-03-14T17:00:00,ITA,9,Toscana,43.76923077,11.25588885,160,87,247,367,614,159,10,6,630,4595,,,470,160,10,0,5,1,77,10
2020-03-14T17:00:00,ITA,10,Umbria,43.10675841,12.38824698,21,11,32,71,103,30,3,1,107,748,,,76,31,2,1,1,0,10,1
2020-03-14T17:00:00,ITA,2,Valle d'Aosta,45.73750286,7.320149366,12,0,12,29,41,14,0,1,42,231,,,28,14,0,0,1,0,0,0
2020-03-14T17:00:00,ITA,5,Veneto,45.43490485,12.33845213,366,119,485,1290,1775,322,107,55,1937,26980,,,1595,342,100,7,42,13,107,12
2020-03-15T17:00:00,ITA,13,Abruzzo,42.35122196,13.39843823,72,28,100,28,128,22,6,3,137,1419,,,112,25,4,2,2,1,14,14
2020-03-15T17:00:00,ITA,17,Basilicata,40.63947052,15.80514834,0,2,2,9,11,1,0,0,11,208,,,10,1,0,0,0,0,2,0
2020-03-15T17:00:00,ITA,18,Calabria,38.90597598,16.59440194,32,6,38,28,66,7,1,1,68,884,,,60,8,1,0,0,1,4,2
2020-03-15T17:00:00,ITA,15,Campania,40.83956555,14.25084984,73,22,95,201,296,53,28,9,333,2213,,,272,61,23,5,6,3,17,5
2020-03-15T17:00:00,ITA,8,Emilia Romagna,44.49436681,11.3417208,1215,169,1384,1357,2741,392,68,284,3093,12054,,,2644,449,54,14,241,43,152,17
2020-03-15T17:00:00,ITA,6,Friuli Venezia Giulia,45.6494354,13.76813649,98,12,110,206,316,45,17,14,347,3407,,,301,46,17,0,13,1,11,1
2020-03-15T17:00:00,ITA,12,Lazio,41.89277044,12.48366722,223,31,254,142,396,76,24,16,436,8345,,,357,79,24,0,13,3,25,6
2020-03-15T17:00:00,ITA,7,Liguria,44.41149315,8.9326992,253,66,319,174,493,109,33,33,559,1973,,,463,96,52,-19,27,6,62,4
2020-03-15T17:00:00,ITA,3,Lombardia,45.46679409,9.190347404,5500,767,6267,3776,10043,984,2011,1218,13272,40369,,,11685,1587,1660,351,966,252,732,35
2020-03-15T17:00:00,ITA,11,Marche,43.61675973,13.5188753,521,98,619,468,1087,224,0,46,1133,2946,,,899,234,0,0,36,10,93,5
2020-03-15T17:00:00,ITA,14,Molise,41.55774754,14.65916051,3,4,7,10,17,0,0,0,17,248,,,17,0,0,0,0,0,3,1
2020-03-15T17:00:00,ITA,4,P.A. Bolzano,46.49933453,11.35662422,50,4,54,145,199,29,0,5,204,1497,,,173,31,0,0,3,2,7,-3
2020-03-15T17:00:00,ITA,4,P.A. Trento,46.06893511,11.12123097,73,19,92,275,367,168,5,6,378,1006,,,206,172,5,0,2,4,12,7
2020-03-15T17:00:00,ITA,1,Piemonte,45.0732745,7.680687483,726,171,897,133,1030,216,0,81,1111,4375,,,873,238,0,0,59,22,150,21
2020-03-15T17:00:00,ITA,16,Puglia,41.12559576,16.86736689,116,6,122,90,212,56,2,16,230,2017,,,166,64,2,0,8,8,6,0
2020-03-15T17:00:00,ITA,20,Sardegna,39.21531192,9.110616306,16,0,16,59,75,28,0,2,77,613,,,47,30,0,0,0,2,0,0
2020-03-15T17:00:00,ITA,19,Sicilia,38.11569725,13.3623567,56,15,71,108,179,29,7,2,188,2452,,,156,32,4,3,2,0,11,4
2020-03-15T17:00:00,ITA,9,Toscana,43.76923077,11.25588885,175,107,282,481,763,149,10,8,781,5132,,,630,151,10,0,6,2,87,20
2020-03-15T17:00:00,ITA,10,Umbria,43.10675841,12.38824698,25,13,38,101,139,36,3,1,143,965,,,107,36,3,0,1,0,11,2
2020-03-15T17:00:00,ITA,2,Valle d'Aosta,45.73750286,7.320149366,10,3,13,43,56,15,0,1,57,230,,,42,15,0,0,1,0,0,3
2020-03-15T17:00:00,ITA,5,Veneto,45.43490485,12.33845213,426,129,555,1434,1989,214,120,63,2172,32546,,,1937,235,107,13,55,8,119,10
2020-03-16T17:00:00,ITA,13,Abruzzo,42.35122196,13.39843823,71,37,108,57,165,37,7,4,176,1533,,,137,39,6,1,3,1,28,9
2020-03-16T17:00:00,ITA,17,Basilicata,40.63947052,15.80514834,1,2,3,9,12,1,0,0,12,230,,,11,1,0,0,0,0,2,0
2020-03-16T17:00:00,ITA,18,Calabria,38.90597598,16.59440194,36,7,43,44,87,21,1,1,89,1030,,,68,21,1,0,1,0,6,1
2020-03-16T17:00:00,ITA,15,Campania,40.83956555,14.25084984,103,22,125,238,363,67,28,9,400,2517,,,333,67,28,0,9,0,22,0
2020-03-16T17:00:00,ITA,8,Emilia Romagna,44.49436681,11.3417208,1362,197,1559,1529,3088,347,88,346,3522,13096,,,3093,429,68,20,284,62,169,28
2020-03-16T17:00:00,ITA,6,Friuli Venezia Giulia,45.6494354,13.76813649,96,19,115,231,346,30,18,22,386,4851,,,347,39,17,1,14,8,12,7
2020-03-16T17:00:00,ITA,12,Lazio,41.89277044,12.48366722,267,31,298,174,472,76,32,19,523,9330,,,436,87,24,8,16,3,31,0
2020-03-16T17:00:00,ITA,7,Liguria,44.41149315,8.9326992,255,73,328,247,575,82,42,50,667,2189,,,559,108,33,9,33,17,66,7
2020-03-16T17:00:00,ITA,3,Lombardia,45.46679409,9.190347404,6171,823,6994,3867,10861,818,2368,1420,14649,43565,,,13272,1377,2011,357,1218,202,767,56
2020-03-16T17:00:00,ITA,11,Marche,43.61675973,13.5188753,528,110,638,547,1185,98,0,57,1242,3225,,,1133,109,0,0,46,11,98,12
2020-03-16T17:00:00,ITA,14,Molise,41.55774754,14.65916051,3,5,8,7,15,-2,5,1,21,253,,,17,4,0,5,0,1,4,1
2020-03-16T17:00:00,ITA,4,P.A. Bolzano,46.49933453,11.35662422,53,11,64,171,235,36,0,6,241,1740,,,204,37,0,0,5,1,4,7
2020-03-16T17:00:00,ITA,4,P.A. Trento,46.06893511,11.12123097,73,19,92,275,367,0,5,6,378,1006,nd-IT-0003,nd-EN-0003,378,0,5,0,6,0,19,0
2020-03-16T17:00:00,ITA,1,Piemonte,45.0732745,7.680687483,1045,186,1231,174,1405,375,0,111,1516,5588,,,1111,405,0,0,81,30,171,15
2020-03-16T17:00:00,ITA,16,Puglia,41.12559576,16.86736689,116,6,122,90,212,0,2,16,230,2017,nd-IT-0005,nd-EN-0005,230,0,2,0,16,0,6,0
2020-03-16T17:00:00,ITA,20,Sardegna,39.21531192,9.110616306,39,0,39,66,105,30,0,2,107,797,,,77,30,0,0,2,0,0,0
2020-03-16T17:00:00,ITA,19,Sicilia,38.11569725,13.3623567,75,20,95,108,203,24,8,2,213,2653,,,188,25,7,1,2,0,15,5
2020-03-16T17:00:00,ITA,9,Toscana,43.76923077,11.25588885,175,107,282,559,841,78,11,14,866,5910,,,781,85,10,1,8,6,107,0
2020-03-16T17:00:00,ITA,10,Umbria,43.10675841,12.38824698,30,15,45,114,159,20,4,1,164,1093,,,143,21,3,1,1,0,13,2
2020-03-16T17:00:00,ITA,2,Valle d'Aosta,45.73750286,7.320149366,28,5,33,70,103,47,0,2,105,287,,,57,48,0,0,1,1,3,2
2020-03-16T17:00:00,ITA,5,Veneto,45.43490485,12.33845213,498,156,654,1620,2274,285,130,69,2473,35052,,,2172,301,120,10,63,6,129,27
2020-03-17T17:00:00,ITA,13,Abruzzo,42.35122196,13.39843823,94,32,126,90,216,51,7,6,229,1688,,,176,53,7,0,4,2,37,-5
2020-03-17T17:00:00,ITA,17,Basilicata,40.63947052,15.80514834,5,2,7,13,20,8,0,0,20,262,,,12,8,0,0,0,0,2,0
2020-03-17T17:00:00,ITA,18,Calabria,38.90597598,16.59440194,45,10,55,57,112,25,1,1,114,1293,,,89,25,1,0,1,0,7,3
2020-03-17T17:00:00,ITA,15,Campania,40.83956555,14.25084984,127,24,151,272,423,60,28,9,460,2685,,,400,60,28,0,9,0,22,2
2020-03-17T17:00:00,ITA,8,Emilia Romagna,44.49436681,11.3417208,1566,223,1789,1615,3404,316,134,393,3931,14510,nd-IT-0008,nd-EN-0008,3522,409,88,46,346,47,197,26
2020-03-17T17:00:00,ITA,6,Friuli Venezia Giulia,45.6494354,13.76813649,104,21,125,222,347,1,17,30,394,4958,,,386,8,18,-1,22,8,19,2
2020-03-17T17:00:00,ITA,12,Lazio,41.89277044,12.48366722,314,44,358,192,550,78,34,23,607,9436,,,523,84,32,2,19,4,31,13
2020-03-17T17:00:00,ITA,7,Liguria,44.41149315,8.9326992,299,85,384,277,661,86,57,60,778,2509,,,667,111,42,15,50,10,73,12
2020-03-17T17:00:00,ITA,3,Lombardia,45.46679409,9.190347404,6953,879,7832,4263,12095,1234,2485,1640,16220,46449,,,14649,1571,2368,117,1420,220,823,56
2020-03-17T17:00:00,ITA,11,Marche,43.61675973,13.5188753,599,109,708,594,1302,117,0,69,1371,3225,,,1242,129,0,0,57,12,110,-1
2020-03-17T17:00:00,ITA,14,Molise,41.55774754,14.65916051,7,5,12,7,19,4,5,1,25,301,,,21,4,5,0,1,0,5,0
2020-03-17T17:00:00,ITA,4,P.A. Bolzano,46.49933453,11.35662422,71,11,82,200,282,47,1,8,291,2149,,,241,50,0,1,6,2,11,0
2020-03-17T17:00:00,ITA,4,P.A. Trento,46.06893511,11.12123097,107,22,129,239,368,1,10,7,385,1727,,,378,7,5,5,6,1,19,3
2020-03-17T17:00:00,ITA,1,Piemonte,45.0732745,7.680687483,1378,206,1584,180,1764,359,0,133,1897,6543,,,1516,381,0,0,111,22,186,20
2020-03-17T17:00:00,ITA,16,Puglia,41.12559576,16.86736689,155,14,169,151,320,108,2,18,340,3077,,,230,110,2,0,16,2,6,8
2020-03-17T17:00:00,ITA,20,Sardegna,39.21531192,9.110616306,36,4,40,75,115,10,0,2,117,1003,,,107,10,0,0,2,0,0,4
2020-03-17T17:00:00,ITA,19,Sicilia,38.11569725,13.3623567,86,28,114,112,226,23,8,3,237,2916,,,213,24,8,0,2,1,20,8
2020-03-17T17:00:00,ITA,9,Toscana,43.76923077,11.25588885,329,143,472,552,1024,183,12,17,1053,6727,,,866,187,11,1,14,3,107,36
2020-03-17T17:00:00,ITA,10,Umbria,43.10675841,12.38824698,36,21,57,135,192,33,4,1,197,1323,,,164,33,4,0,1,0,15,6
2020-03-17T17:00:00,ITA,2,Valle d'Aosta,45.73750286,7.320149366,35,6,41,93,134,31,0,2,136,398,,,105,31,0,0,2,0,5,1
2020-03-17T17:00:00,ITA,5,Veneto,45.43490485,12.33845213,548,171,719,1769,2488,214,136,80,2704,35478,,,2473,231,130,6,69,11,156,15
2020-03-18T17:00:00,ITA,13,Abruzzo,42.35122196,13.39843823,99,41,140,109,249,33,7,7,263,2054,,,229,34,7,0,6,1,32,9
2020-03-18T17:00:00,ITA,17,Basilicata,40.63947052,15.80514834,9,2,11,16,27,7,0,0,27,262,,,20,7,0,0,0,0,2,0
2020-03-18T17:00:00,ITA,18,Calabria,38.90597598,16.59440194,45,11,56,70,126,14,2,1,129,1668,,,114,15,1,1,1,0,10,1
2020-03-18T17:00:00,ITA,15,Campania,40.83956555,14.25084984,127,24,151,272,423,0,28,9,460,2685,nd-IT-0013,nd-EN-0013,460,0,28,0,9,0,24,0
2020-03-18T17:00:00,ITA,8,Emilia Romagna,44.49436681,11.3417208,1784,247,2031,1884,3915,511,152,458,4525,15461,nd-IT-0011,nd-EN-0011,3931,594,134,18,393,65,223,24
2020-03-18T17:00:00,ITA,6,Friuli Venezia Giulia,45.6494354,13.76813649,128,27,155,261,416,69,15,31,462,4958,,,394,68,17,-2,30,1,21,6
2020-03-18T17:00:00,ITA,12,Lazio,41.89277044,12.48366722,374,44,418,232,650,100,42,32,724,11145,,,607,117,34,8,23,9,44,0
2020-03-18T17:00:00,ITA,7,Liguria,44.41149315,8.9326992,401,100,501,243,744,83,70,73,887,2912,,,778,109,57,13,60,13,85,15
2020-03-18T17:00:00,ITA,3,Lombardia,45.46679409,9.190347404,7285,924,8209,4057,12266,171,3488,1959,17713,48983,,,16220,1493,2485,1003,1640,319,879,45
2020-03-18T17:00:00,ITA,11,Marche,43.61675973,13.5188753,638,119,757,719,1476,174,0,92,1568,4109,,,1371,197,0,0,69,23,109,10
2020-03-18T17:00:00,ITA,14,Molise,41.55774754,14.65916051,7,6,13,8,21,2,6,1,28,361,,,25,3,5,1,1,0,5,1
2020-03-18T17:00:00,ITA,4,P.A. Bolzano,46.49933453,11.35662422,79,18,97,269,366,84,1,9,376,2844,,,291,85,1,0,8,1,11,7
2020-03-18T17:00:00,ITA,4,P.A. Trento,46.06893511,11.12123097,141,22,163,273,436,68,12,7,455,2187,,,385,70,10,2,7,0,22,0
2020-03-18T17:00:00,ITA,1,Piemonte,45.0732745,7.680687483,1780,227,2007,180,2187,423,0,154,2341,7516,,,1897,444,0,0,133,21,206,21
2020-03-18T17:00:00,ITA,16,Puglia,41.12559576,16.86736689,156,30,186,176,362,42,2,19,383,3433,,,340,43,2,0,18,1,14,16
2020-03-18T17:00:00,ITA,20,Sardegna,39.21531192,9.110616306,42,7,49,83,132,17,0,2,134,1135,,,117,17,0,0,2,0,4,3
2020-03-18T17:00:00,ITA,19,Sicilia,38.11569725,13.3623567,100,29,129,138,267,41,12,3,282,3294,,,237,45,8,4,3,0,28,1
2020-03-18T17:00:00,ITA,9,Toscana,43.76923077,11.25588885,427,160,587,704,1291,267,17,22,1330,7606,,,1053,277,12,5,17,5,143,17
2020-03-18T17:00:00,ITA,10,Umbria,43.10675841,12.38824698,54,21,75,166,241,49,4,2,247,1601,,,197,50,4,0,1,1,21,0
2020-03-18T17:00:00,ITA,2,Valle d'Aosta,45.73750286,7.320149366,41,3,44,118,162,28,0,3,165,486,,,136,29,0,0,2,1,6,-3
2020-03-18T17:00:00,ITA,5,Veneto,45.43490485,12.33845213,646,195,841,2112,2953,465,167,94,3214,40841,,,2704,510,136,31,80,14,171,24
2020-03-19T17:00:00,ITA,13,Abruzzo,42.35122196,13.39843823,181,47,228,138,366,117,8,11,385,2409,,,263,122,7,1,7,4,41,6
2020-03-19T17:00:00,ITA,17,Basilicata,40.63947052,15.80514834,8,5,13,24,37,10,0,0,37,353,,,27,10,0,0,0,0,2,3
2020-03-19T17:00:00,ITA,18,Calabria,38.90597598,16.59440194,60,13,73,91,164,38,2,3,169,2342,,,129,40,2,0,1,2,11,2
2020-03-19T17:00:00,ITA,15,Campania,40.83956555,14.25084984,213,36,249,356,605,182,30,17,652,3544,,,460,192,28,2,9,8,24,12
2020-03-19T17:00:00,ITA,8,Emilia Romagna,44.49436681,11.3417208,1900,260,2160,2346,4506,591,177,531,5214,18344,,,4525,689,152,25,458,73,247,13
2020-03-19T17:00:00,ITA,6,Friuli Venezia Giulia,45.6494354,13.76813649,134,29,163,359,522,106,41,36,599,4052,,,462,137,15,26,31,5,27,2
2020-03-19T17:00:00,ITA,12,Lazio,41.89277044,12.48366722,426,45,471,270,741,91,44,38,823,11145,,,724,99,42,2,32,6,44,1
2020-03-19T17:00:00,ITA,7,Liguria,44.41149315,8.9326992,491,112,603,280,883,139,85,91,1059,3348,,,887,172,70,15,73,18,100,12
2020-03-19T17:00:00,ITA,3,Lombardia,45.46679409,9.190347404,7387,1006,8393,5545,13938,1672,3778,2168,19884,52244,,,17713,2171,3488,290,1959,209,924,82
2020-03-19T17:00:00,ITA,11,Marche,43.61675973,13.5188753,656,141,797,825,1622,146,0,115,1737,4512,,,1568,169,0,0,92,23,119,22
2020-03-19T17:00:00,ITA,14,Molise,41.55774754,14.65916051,19,6,25,13,38,17,6,2,46,426,,,28,18,6,0,1,1,6,0
2020-03-19T17:00:00,ITA,4,P.A. Bolzano,46.49933453,11.35662422,87,18,105,316,421,55,1,14,436,3568,,,376,60,1,0,9,5,18,0
2020-03-19T17:00:00,ITA,4,P.A. Trento,46.06893511,11.12123097,169,30,199,292,491,55,20,12,523,2203,,,455,68,12,8,7,5,22,8
2020-03-19T17:00:00,ITA,1,Piemonte,45.0732745,7.680687483,2279,257,2536,218,2754,567,3,175,2932,8853,,,2341,591,0,3,154,21,227,30
2020-03-19T17:00:00,ITA,16,Puglia,41.12559576,16.86736689,173,31,204,245,449,87,4,25,478,4046,,,383,95,2,2,19,6,30,1
2020-03-19T17:00:00,ITA,20,Sardegna,39.21531192,9.110616306,43,9,52,152,204,72,0,2,206,1334,,,134,72,0,0,2,0,7,2
2020-03-19T17:00:00,ITA,19,Sicilia,38.11569725,13.3623567,143,36,179,142,321,54,15,4,340,3961,,,282,58,12,3,3,1,29,7
2020-03-19T17:00:00,ITA,9,Toscana,43.76923077,11.25588885,501,178,679,743,1422,131,22,38,1482,8873,,,1330,152,17,5,22,16,160,18
2020-03-19T17:00:00,ITA,10,Umbria,43.10675841,12.38824698,69,21,90,238,328,87,4,2,334,1954,,,247,87,4,0,2,0,21,0
2020-03-19T17:00:00,ITA,2,Valle d'Aosta,45.73750286,7.320149366,47,9,56,153,209,47,0,6,215,608,,,165,50,0,0,3,3,3,6
2020-03-19T17:00:00,ITA,5,Veneto,45.43490485,12.33845213,771,209,980,2189,3169,216,200,115,3484,44658,,,3214,270,167,33,94,21,195,14
2020-03-20T17:00:00,ITA,13,Abruzzo,42.35122196,13.39843823,190,48,238,184,422,56,10,17,449,2695,,,385,64,8,2,11,6,47,1
2020-03-20T17:00:00,ITA,17,Basilicata,40.63947052,15.80514834,8,5,13,39,52,15,0,0,52,443,,,37,15,0,0,0,0,5,0
2020-03-20T17:00:00,ITA,18,Calabria,38.90597598,16.59440194,71,16,87,114,201,37,2,4,207,2690,,,169,38,2,0,3,1,13,3
2020-03-20T17:00:00,ITA,15,Campania,40.83956555,14.25084984,130,41,171,531,702,97,30,17,749,3845,,,652,97,30,0,17,0,36,5
2020-03-20T17:00:00,ITA,8,Emilia Romagna,44.49436681,11.3417208,2083,267,2350,2739,5089,583,239,640,5968,20753,,,5214,754,177,62,531,109,260,7
2020-03-20T17:00:00,ITA,6,Friuli Venezia Giulia,45.6494354,13.76813649,143,32,175,380,555,33,63,38,656,4964,,,599,57,41,22,36,2,29,3
2020-03-20T17:00:00,ITA,12,Lazio,41.89277044,12.48366722,537,47,584,328,912,171,53,43,1008,13889,,,823,185,44,9,38,5,45,2
2020-03-20T17:00:00,ITA,7,Liguria,44.41149315,8.9326992,573,121,694,307,1001,118,101,119,1221,3794,,,1059,162,85,16,91,28,112,9
2020-03-20T17:00:00,ITA,3,Lombardia,45.46679409,9.190347404,7735,1050,8785,6635,15420,1482,4295,2549,22264,57174,,,19884,2380,3778,517,2168,381,1006,44
2020-03-20T17:00:00,ITA,11,Marche,43.61675973,13.5188753,704,138,842,1002,1844,222,0,137,1981,5170,,,1737,244,0,0,115,22,141,-3
2020-03-20T17:00:00,ITA,14,Molise,41.55774754,14.65916051,20,6,26,13,39,1,6,5,50,426,,,46,4,6,0,2,3,6,0
2020-03-20T17:00:00,ITA,4,P.A. Bolzano,46.49933453,11.35662422,99,24,123,407,530,109,1,17,548,4433,,,436,112,1,0,14,3,18,6
2020-03-20T17:00:00,ITA,4,P.A. Trento,46.06893511,11.12123097,198,34,232,368,600,109,29,13,642,2656,,,523,119,20,9,12,1,30,4
2020-03-20T17:00:00,ITA,1,Piemonte,45.0732745,7.680687483,1541,280,1821,1423,3244,490,8,209,3461,9975,,,2932,529,3,5,175,34,257,23
2020-03-20T17:00:00,ITA,16,Puglia,41.12559576,16.86736689,191,31,222,329,551,102,4,26,581,4789,,,478,103,4,0,25,1,31,0
2020-03-20T17:00:00,ITA,20,Sardegna,39.21531192,9.110616306,56,15,71,217,288,84,3,2,293,1912,,,206,87,0,3,2,0,9,6
2020-03-20T17:00:00,ITA,19,Sicilia,38.11569725,13.3623567,168,42,210,169,379,58,25,4,408,4468,,,340,68,15,10,4,0,36,6
2020-03-20T17:00:00,ITA,9,Toscana,43.76923077,11.25588885,601,189,790,923,1713,291,33,47,1793,10405,,,1482,311,22,11,38,9,178,11
2020-03-20T17:00:00,ITA,10,Umbria,43.10675841,12.38824698,75,24,99,285,384,56,4,7,395,2303,,,334,61,4,0,2,5,21,3
2020-03-20T17:00:00,ITA,2,Valle d'Aosta,45.73750286,7.320149366,54,9,63,194,257,48,0,7,264,814,,,215,49,0,0,6,1,9,0
2020-03-20T17:00:00,ITA,5,Veneto,45.43490485,12.33845213,843,236,1079,2598,3677,508,223,131,4031,49288,,,3484,547,200,23,115,16,209,27
2020-03-21T17:00:00,ITA,13,Abruzzo,42.35122196,13.39843823,185,44,229,265,494,72,13,22,529,3035,,,449,80,10,3,17,5,48,-4
2020-03-21T17:00:00,ITA,17,Basilicata,40.63947052,15.80514834,12,7,19,47,66,14,0,0,66,522,,,52,14,0,0,0,0,5,2
2020-03-21T17:00:00,ITA,18,Calabria,38.90597598,16.59440194,73,16,89,136,225,24,5,5,235,3050,,,207,28,2,3,4,1,16,0
2020-03-21T17:00:00,ITA,15,Campania,40.83956555,14.25084984,233,87,320,473,793,91,29,22,844,4448,,,749,95,30,-1,17,5,41,46
2020-03-21T17:00:00,ITA,8,Emilia Romagna,44.49436681,11.3417208,2267,265,2532,3129,5661,572,329,715,6705,24620,,,5968,737,239,90,640,75,267,-2
2020-03-21T17:00:00,ITA,6,Friuli Venezia Giulia,45.6494354,13.76813649,152,37,189,477,666,111,82,42,790,5955,,,656,134,63,19,38,4,32,5
2020-03-21T17:00:00,ITA,12,Lazio,41.89277044,12.48366722,591,70,661,425,1086,174,54,50,1190,13889,,,1008,182,53,1,43,7,47,23
2020-03-21T17:00:00,ITA,7,Liguria,44.41149315,8.9326992,598,129,727,432,1159,158,125,152,1436,4304,,,1221,215,101,24,119,33,121,8
2020-03-21T17:00:00,ITA,3,Lombardia,45.46679409,9.190347404,8258,1093,9351,8019,17370,1950,5050,3095,25515,66730,,,22264,3251,4295,755,2549,546,1050,43
2020-03-21T17:00:00,ITA,11,Marche,43.61675973,13.5188753,742,141,883,1114,1997,153,2,154,2153,5740,,,1981,172,0,2,137,17,138,3
2020-03-21T17:00:00,ITA,14,Molise,41.55774754,14.65916051,21,6,27,20,47,8,7,7,61,449,,,50,11,6,1,5,2,6,0
2020-03-21T17:00:00,ITA,4,P.A. Bolzano,46.49933453,11.35662422,127,30,157,443,600,70,1,20,621,5179,,,548,73,1,0,17,3,24,6
2020-03-21T17:00:00,ITA,4,P.A. Trento,46.06893511,11.12123097,233,39,272,448,720,120,34,28,782,2656,,,642,140,29,5,13,15,34,5
2020-03-21T17:00:00,ITA,1,Piemonte,45.0732745,7.680687483,1976,301,2277,1229,3506,262,8,238,3752,10701,,,3461,291,8,0,209,29,280,21
2020-03-21T17:00:00,ITA,16,Puglia,41.12559576,16.86736689,209,33,242,400,642,91,4,29,675,5617,,,581,94,4,0,26,3,31,2
2020-03-21T17:00:00,ITA,20,Sardegna,39.21531192,9.110616306,65,16,81,240,321,33,5,4,330,2297,,,293,37,3,2,2,2,15,1
2020-03-21T17:00:00,ITA,19,Sicilia,38.11569725,13.3623567,206,48,254,204,458,79,26,6,490,4883,,,408,82,25,1,4,2,42,6
2020-03-21T17:00:00,ITA,9,Toscana,43.76923077,11.25588885,664,202,866,1039,1905,192,35,72,2012,11909,,,1793,219,33,2,47,25,189,13
2020-03-21T17:00:00,ITA,10,Umbria,43.10675841,12.38824698,92,29,121,326,447,63,5,10,462,2712,,,395,67,4,1,7,3,24,5
2020-03-21T17:00:00,ITA,2,Valle d'Aosta,45.73750286,7.320149366,62,15,77,227,304,47,1,8,313,884,,,264,49,0,1,7,1,9,6
2020-03-21T17:00:00,ITA,5,Veneto,45.43490485,12.33845213,942,249,1191,3023,4214,537,257,146,4617,53642,,,4031,586,223,34,131,15,236,13
2020-03-22T17:00:00,ITA,13,Abruzzo,42.35122196,13.39843823,218,49,267,272,539,45,15,33,587,3375,,,529,58,13,2,22,11,44,5
2020-03-22T17:00:00,ITA,17,Basilicata,40.63947052,15.80514834,13,10,23,58,81,15,0,0,81,643,,,66,15,0,0,0,0,7,3
2020-03-22T17:00:00,ITA,18,Calabria,38.90597598,16.59440194,77,17,94,166,260,35,5,8,273,3666,,,235,38,5,0,5,3,16,1
2020-03-22T17:00:00,ITA,15,Campania,40.83956555,14.25084984,243,99,342,524,866,73,41,29,936,4943,,,844,92,29,12,22,7,87,12
2020-03-22T17:00:00,ITA,8,Emilia Romagna,44.49436681,11.3417208,2429,269,2698,3692,6390,729,349,816,7555,28022,,,6705,850,329,20,715,101,265,4
2020-03-22T17:00:00,ITA,6,Friuli Venezia Giulia,45.6494354,13.76813649,163,47,210,528,738,72,89,47,874,6761,,,790,84,82,7,42,5,37,10
2020-03-22T17:00:00,ITA,12,Lazio,41.89277044,12.48366722,671,79,750,522,1272,186,58,53,1383,17845,,,1190,193,54,4,50,3,70,9
2020-03-22T17:00:00,ITA,7,Liguria,44.41149315,8.9326992,736,132,868,483,1351,192,143,171,1665,4995,,,1436,229,125,18,152,19,129,3
2020-03-22T17:00:00,ITA,3,Lombardia,45.46679409,9.190347404,9439,1142,10581,7304,17885,515,5865,3456,27206,70598,,,25515,1691,5050,815,3095,361,1093,49
2020-03-22T17:00:00,ITA,11,Marche,43.61675973,13.5188753,816,138,954,1277,2231,234,6,184,2421,6391,,,2153,268,2,4,154,30,141,-3
2020-03-22T17:00:00,ITA,14,Molise,41.55774754,14.65916051,24,7,31,21,52,5,7,7,66,532,,,61,5,7,0,7,0,6,1
2020-03-22T17:00:00,ITA,4,P.A. Bolzano,46.49933453,11.35662422,146,32,178,470,648,48,7,23,678,5718,,,621,57,1,6,20,3,30,2
2020-03-22T17:00:00,ITA,4,P.A. Trento,46.06893511,11.12123097,235,46,281,604,885,165,34,35,954,3050,,,782,172,34,0,28,7,39,7
2020-03-22T17:00:00,ITA,1,Piemonte,45.0732745,7.680687483,2118,308,2426,1701,4127,621,10,283,4420,12701,,,3752,668,8,2,238,45,301,7
2020-03-22T17:00:00,ITA,16,Puglia,41.12559576,16.86736689,252,37,289,459,748,106,7,31,786,6160,,,675,111,4,3,29,2,33,4
2020-03-22T17:00:00,ITA,20,Sardegna,39.21531192,9.110616306,67,16,83,244,327,6,5,7,339,2402,,,330,9,5,0,4,3,16,0
2020-03-22T17:00:00,ITA,19,Sicilia,38.11569725,13.3623567,220,55,275,321,596,138,26,8,630,5580,,,490,140,26,0,6,2,48,7
2020-03-22T17:00:00,ITA,9,Toscana,43.76923077,11.25588885,706,215,921,1223,2144,239,42,91,2277,13264,,,2012,265,35,7,72,19,202,13
2020-03-22T17:00:00,ITA,10,Umbria,43.10675841,12.38824698,97,35,132,368,500,53,5,16,521,3135,,,462,59,5,0,10,6,29,6
2020-03-22T17:00:00,ITA,2,Valle d'Aosta,45.73750286,7.320149366,63,21,84,270,354,50,1,9,364,950,,,313,51,1,0,8,1,15,6
2020-03-22T17:00:00,ITA,5,Veneto,45.43490485,12.33845213,1113,255,1368,3276,4644,430,309,169,5122,57671,,,4617,505,257,52,146,23,249,6
2020-03-23T17:00:00,ITA,13,Abruzzo,42.35122196,13.39843823,228,52,280,325,605,66,20,38,663,3674,,,587,76,15,5,33,5,49,3
2020-03-23T17:00:00,ITA,17,Basilicata,40.63947052,15.80514834,15,12,27,62,89,8,0,1,90,696,,,81,9,0,0,0,1,10,2
2020-03-23T17:00:00,ITA,18,Calabria,38.90597598,16.59440194,82,20,102,178,280,20,5,7,292,4073,,,273,19,5,0,8,-1,17,3
2020-03-23T17:00:00,ITA,15,Campania,40.83956555,14.25084984,266,110,376,553,929,63,48,49,1026,5813,,,936,90,41,7,29,20,99,11
2020-03-23T17:00:00,ITA,8,Emilia Romagna,44.49436681,11.3417208,2846,276,3122,4098,7220,830,423,892,8535,31200,,,7555,980,349,74,816,76,269,7
2020-03-23T17:00:00,ITA,6,Friuli Venezia Giulia,45.6494354,13.76813649,185,41,226,545,771,33,105,54,930,7424,,,874,56,89,16,47,7,47,-6
2020-03-23T17:00:00,ITA,12,Lazio,41.89277044,12.48366722,718,96,814,600,1414,142,63,63,1540,18371,,,1383,157,58,5,53,10,79,17
2020-03-23T17:00:00,ITA,7,Liguria,44.41149315,8.9326992,761,133,894,659,1553,202,159,212,1924,5538,,,1665,259,143,16,171,41,132,1
2020-03-23T17:00:00,ITA,3,Lombardia,45.46679409,9.190347404,9266,1183,10449,8461,18910,1025,6075,3776,28761,73242,,,27206,1555,5865,210,3456,320,1142,41
2020-03-23T17:00:00,ITA,11,Marche,43.61675973,13.5188753,882,148,1030,1328,2358,127,8,203,2569,6782,,,2421,148,6,2,184,19,138,10
2020-03-23T17:00:00,ITA,14,Molise,41.55774754,14.65916051,25,7,32,18,50,-2,10,7,67,532,,,66,1,7,3,7,0,7,0
2020-03-23T17:00:00,ITA,4,P.A. Bolzano,46.49933453,11.35662422,145,33,178,510,688,40,7,29,724,6084,,,678,46,7,0,23,6,32,1
2020-03-23T17:00:00,ITA,4,P.A. Trento,46.06893511,11.12123097,249,46,295,619,914,29,68,41,1023,3150,,,954,69,34,34,35,6,46,0
2020-03-23T17:00:00,ITA,1,Piemonte,45.0732745,7.680687483,2194,343,2537,1992,4529,402,17,315,4861,13560,,,4420,441,10,7,283,32,308,35
2020-03-23T17:00:00,ITA,16,Puglia,41.12559576,16.86736689,285,45,330,532,862,114,7,37,906,6761,,,786,120,7,0,31,6,37,8
2020-03-23T17:00:00,ITA,20,Sardegna,39.21531192,9.110616306,76,18,94,249,343,16,5,11,359,2568,,,339,20,5,0,7,4,16,2
2020-03-23T17:00:00,ITA,19,Sicilia,38.11569725,13.3623567,250,60,310,371,681,85,27,13,721,6375,,,630,91,26,1,8,5,55,5
2020-03-23T17:00:00,ITA,9,Toscana,43.76923077,11.25588885,838,238,1076,1225,2301,157,51,109,2461,13851,,,2277,184,42,9,91,18,215,23
2020-03-23T17:00:00,ITA,10,Umbria,43.10675841,12.38824698,106,42,148,408,556,56,5,16,577,3561,,,521,56,5,0,16,0,35,7
2020-03-23T17:00:00,ITA,2,Valle d'Aosta,45.73750286,7.320149366,69,20,89,290,379,25,2,12,393,1098,,,364,29,1,1,9,3,21,-1
2020-03-23T17:00:00,ITA,5,Veneto,45.43490485,12.33845213,1206,281,1487,3499,4986,342,327,192,5505,61115,,,5122,383,309,18,169,23,255,26
2020-03-24T17:00:00,ITA,13,Abruzzo,42.35122196,13.39843823,234,57,291,331,622,17,21,46,689,4294,,,663,26,20,1,38,8,52,5
2020-03-24T17:00:00,ITA,17,Basilicata,40.63947052,15.80514834,14,12,26,65,91,2,0,1,92,744,,,90,2,0,0,1,0,12,0
2020-03-24T17:00:00,ITA,18,Calabria,38.90597598,16.59440194,88,21,109,195,304,24,5,10,319,4486,,,292,27,5,0,7,3,20,1
2020-03-24T17:00:00,ITA,15,Campania,40.83956555,14.25084984,345,181,526,466,992,63,53,56,1101,6297,,,1026,75,48,5,49,7,110,71
2020-03-24T17:00:00,ITA,8,Emilia Romagna,44.49436681,11.3417208,2974,291,3265,4446,7711,491,558,985,9254,33527,,,8535,719,423,135,892,93,276,15
2020-03-24T17:00:00,ITA,6,Friuli Venezia Giulia,45.6494354,13.76813649,195,49,244,604,848,77,80,64,992,8526,,,930,62,105,-25,54,10,41,8
2020-03-24T17:00:00,ITA,12,Lazio,41.89277044,12.48366722,747,94,841,704,1545,131,103,80,1728,18371,,,1540,188,63,40,63,17,96,-2
2020-03-24T17:00:00,ITA,7,Liguria,44.41149315,8.9326992,803,147,950,742,1692,139,193,231,2116,5992,,,1924,192,159,34,212,19,133,14
2020-03-24T17:00:00,ITA,3,Lombardia,45.46679409,9.190347404,9711,1194,10905,8963,19868,958,6657,4178,30703,76695,,,28761,1942,6075,582,3776,402,1183,11
2020-03-24T17:00:00,ITA,11,Marche,43.61675973,13.5188753,862,149,1011,1486,2497,139,8,231,2736,7229,,,2569,167,8,0,203,28,148,1
2020-03-24T17:00:00,ITA,14,Molise,41.55774754,14.65916051,27,7,34,21,55,5,10,8,73,572,,,67,6,10,0,7,1,7,0
2020-03-24T17:00:00,ITA,4,P.A. Bolzano,46.49933453,11.35662422,166,38,204,495,699,11,44,38,781,6509,,,724,57,7,37,29,9,33,5
2020-03-24T17:00:00,ITA,4,P.A. Trento,46.06893511,11.12123097,308,49,357,618,975,61,79,56,1110,3712,,,1023,87,68,11,41,15,46,3
2020-03-24T17:00:00,ITA,1,Piemonte,45.0732745,7.680687483,2404,360,2764,2360,5124,595,17,374,5515,15469,,,4861,654,17,0,315,59,343,17
2020-03-24T17:00:00,ITA,16,Puglia,41.12559576,16.86736689,317,57,374,566,940,78,21,44,1005,7345,,,906,99,7,14,37,7,45,12
2020-03-24T17:00:00,ITA,20,Sardegna,39.21531192,9.110616306,80,19,99,296,395,52,11,15,421,2859,,,359,62,5,6,11,4,18,1
2020-03-24T17:00:00,ITA,19,Sicilia,38.11569725,13.3623567,250,60,310,489,799,118,27,20,846,7170,,,721,125,27,0,13,7,60,0
2020-03-24T17:00:00,ITA,9,Toscana,43.76923077,11.25588885,918,244,1162,1357,2519,218,51,129,2699,15701,,,2461,238,51,0,109,20,238,6
2020-03-24T17:00:00,ITA,10,Umbria,43.10675841,12.38824698,105,43,148,476,624,68,5,19,648,4108,,,577,71,5,0,16,3,42,1
2020-03-24T17:00:00,ITA,2,Valle d'Aosta,45.73750286,7.320149366,71,20,91,288,379,0,2,19,400,1180,,,393,7,2,0,12,7,20,0
2020-03-24T17:00:00,ITA,5,Veneto,45.43490485,12.33845213,1318,304,1622,3729,5351,365,381,216,5948,66178,,,5505,443,327,54,192,24,281,23
2020-03-25T17:00:00,ITA,13,Abruzzo,42.35122196,13.39843823,248,59,307,431,738,116,23,52,813,4982,,,689,124,21,2,46,6,57,2
2020-03-25T17:00:00,ITA,17,Basilicata,40.63947052,15.80514834,20,14,34,78,112,21,0,1,113,857,,,92,21,0,0,1,0,12,2
2020-03-25T17:00:00,ITA,18,Calabria,38.90597598,16.59440194,93,23,116,217,333,29,7,11,351,5058,,,319,32,5,2,10,1,21,2
2020-03-25T17:00:00,ITA,15,Campania,40.83956555,14.25084984,318,123,441,631,1072,80,53,74,1199,6972,,,1101,98,53,0,56,18,181,-58
2020-03-25T17:00:00,ITA,8,Emilia Romagna,44.49436681,11.3417208,3180,294,3474,4782,8256,545,721,1077,10054,38045,,,9254,800,558,163,985,92,291,3
2020-03-25T17:00:00,ITA,6,Friuli Venezia Giulia,45.6494354,13.76813649,200,52,252,659,911,63,158,70,1139,9494,,,992,147,80,78,64,6,49,3
2020-03-25T17:00:00,ITA,12,Lazio,41.89277044,12.48366722,805,101,906,769,1675,130,131,95,1901,20669,,,1728,173,103,28,80,15,94,7
2020-03-25T17:00:00,ITA,7,Liguria,44.41149315,8.9326992,927,147,1074,752,1826,134,225,254,2305,6602,,,2116,189,193,32,231,23,147,0
2020-03-25T17:00:00,ITA,3,Lombardia,45.46679409,9.190347404,10026,1236,11262,9329,20591,723,7281,4474,32346,81666,,,30703,1643,6657,624,4178,296,1194,42
2020-03-25T17:00:00,ITA,11,Marche,43.61675973,13.5188753,938,148,1086,1553,2639,142,8,287,2934,7896,,,2736,198,8,0,231,56,149,-1
2020-03-25T17:00:00,ITA,14,Molise,41.55774754,14.65916051,26,7,33,20,53,-2,12,8,73,580,,,73,0,10,2,8,0,7,0
2020-03-25T17:00:00,ITA,4,P.A. Bolzano,46.49933453,11.35662422,190,40,230,518,748,49,67,43,858,6649,,,781,77,44,23,38,5,38,2
2020-03-25T17:00:00,ITA,4,P.A. Trento,46.06893511,11.12123097,308,65,373,685,1058,83,90,74,1222,4114,,,1110,112,79,11,56,18,49,16
2020-03-25T17:00:00,ITA,1,Piemonte,45.0732745,7.680687483,2544,381,2925,2631,5556,432,19,449,6024,16655,,,5515,509,17,2,374,75,360,21
2020-03-25T17:00:00,ITA,16,Puglia,41.12559576,16.86736689,349,64,413,610,1023,83,22,48,1093,8223,,,1005,88,21,1,44,4,57,7
2020-03-25T17:00:00,ITA,20,Sardegna,39.21531192,9.110616306,82,19,101,311,412,17,12,18,442,3019,,,421,21,11,1,15,3,19,0
2020-03-25T17:00:00,ITA,19,Sicilia,38.11569725,13.3623567,259,80,339,597,936,137,33,25,994,8312,,,846,148,27,6,20,5,60,20
2020-03-25T17:00:00,ITA,9,Toscana,43.76923077,11.25588885,999,251,1250,1526,2776,257,54,142,2972,17868,,,2699,273,51,3,129,13,244,7
2020-03-25T17:00:00,ITA,10,Umbria,43.10675841,12.38824698,123,44,167,519,686,62,5,19,710,4707,,,648,62,5,0,19,0,43,1
2020-03-25T17:00:00,ITA,2,Valle d'Aosta,45.73750286,7.320149366,70,25,95,280,375,-4,2,24,401,1200,,,400,1,2,0,19,5,20,5
2020-03-25T17:00:00,ITA,5,Veneto,45.43490485,12.33845213,1407,316,1723,4022,5745,394,439,258,6442,70877,,,5948,494,381,58,216,42,304,12
2020-03-26T17:00:00,ITA,13,Abruzzo,42.35122196,13.39843823,280,64,344,516,860,122,23,63,946,5488,,,813,133,23,0,52,11,59,5
2020-03-26T17:00:00,ITA,17,Basilicata,40.63947052,15.80514834,22,16,38,95,133,21,0,1,134,1046,,,113,21,0,0,1,0,14,2
2020-03-26T17:00:00,ITA,18,Calabria,38.90597598,16.59440194,101,23,124,248,372,39,7,14,393,5933,,,351,42,7,0,11,3,23,0
2020-03-26T17:00:00,ITA,15,Campania,40.83956555,14.25084984,448,114,562,607,1169,97,58,83,1310,8346,,,1199,111,53,5,74,9,123,-9
2020-03-26T17:00:00,ITA,8,Emilia Romagna,44.49436681,11.3417208,3354,301,3655,5195,8850,594,792,1174,10816,42395,,,10054,762,721,71,1077,97,294,7
2020-03-26T17:00:00,ITA,6,Friuli Venezia Giulia,45.6494354,13.76813649,212,54,266,688,954,43,197,72,1223,10721,,,1139,84,158,39,70,2,52,2
2020-03-26T17:00:00,ITA,12,Lazio,41.89277044,12.48366722,878,113,991,844,1835,160,155,106,2096,22771,,,1901,195,131,24,95,11,101,12
2020-03-26T17:00:00,ITA,7,Liguria,44.41149315,8.9326992,998,154,1152,875,2027,201,260,280,2567,7304,,,2305,262,225,35,254,26,147,7
2020-03-26T17:00:00,ITA,3,Lombardia,45.46679409,9.190347404,10681,1263,11944,10245,22189,1598,7839,4861,34889,87713,,,32346,2543,7281,558,4474,387,1236,27
2020-03-26T17:00:00,ITA,11,Marche,43.61675973,13.5188753,977,166,1143,1652,2795,156,9,310,3114,8623,,,2934,180,8,1,287,23,148,18
2020-03-26T17:00:00,ITA,14,Molise,41.55774754,14.65916051,27,8,35,46,81,28,14,8,103,670,,,73,30,12,2,8,0,7,1
2020-03-26T17:00:00,ITA,4,P.A. Bolzano,46.49933453,11.35662422,223,43,266,525,791,43,67,48,906,7744,,,858,48,67,0,43,5,40,3
2020-03-26T17:00:00,ITA,4,P.A. Trento,46.06893511,11.12123097,300,66,366,728,1094,36,117,86,1297,4600,,,1222,75,90,27,74,12,65,1
2020-03-26T17:00:00,ITA,1,Piemonte,45.0732745,7.680687483,2633,408,3041,2909,5950,394,135,449,6534,18054,pd-IT-0006,pd-EN-0006,6024,510,19,116,449,0,381,27
2020-03-26T17:00:00,ITA,16,Puglia,41.12559576,16.86736689,480,76,556,539,1095,72,22,65,1182,9191,,,1093,89,22,0,48,17,64,12
2020-03-26T17:00:00,ITA,20,Sardegna,39.21531192,9.110616306,92,20,112,350,462,50,13,19,494,3461,,,442,52,12,1,18,1,19,1
2020-03-26T17:00:00,ITA,19,Sicilia,38.11569725,13.3623567,346,68,414,681,1095,159,36,33,1164,9658,,,994,170,33,3,25,8,80,-12
2020-03-26T17:00:00,ITA,9,Toscana,43.76923077,11.25588885,1037,259,1296,1677,2973,197,95,158,3226,20952,,,2972,254,54,41,142,16,251,8
2020-03-26T17:00:00,ITA,10,Umbria,43.10675841,12.38824698,144,46,190,580,770,84,12,20,802,5428,,,710,92,5,7,19,1,44,2
2020-03-26T17:00:00,ITA,2,Valle d'Aosta,45.73750286,7.320149366,73,24,97,281,378,3,2,28,408,1203,,,401,7,2,0,24,4,25,-1
2020-03-26T17:00:00,ITA,5,Veneto,45.43490485,12.33845213,1447,326,1773,4367,6140,395,508,287,6935,79759,,,6442,493,439,69,258,29,316,10
2020-03-27T17:00:00,ITA,13,Abruzzo,42.35122196,13.39843823,289,71,360,565,925,65,24,68,1017,6109,,,946,71,23,1,63,5,64,7
2020-03-27T17:00:00,ITA,17,Basilicata,40.63947052,15.80514834,22,15,37,110,147,14,1,3,151,1254,,,134,17,0,1,1,2,16,-1
2020-03-27T17:00:00,ITA,18,Calabria,38.90597598,16.59440194,103,22,125,344,469,97,7,18,494,6901,,,393,101,7,0,14,4,23,-1
2020-03-27T17:00:00,ITA,15,Campania,40.83956555,14.25084984,456,113,569,723,1292,123,64,98,1454,9613,,,1310,144,58,6,83,15,114,-1
2020-03-27T17:00:00,ITA,8,Emilia Romagna,44.49436681,11.3417208,3461,308,3769,5592,9361,511,960,1267,11588,47798,,,10816,772,792,168,1174,93,301,7
2020-03-27T17:00:00,ITA,6,Friuli Venezia Giulia,45.6494354,13.76813649,222,57,279,748,1027,73,214,76,1317,11841,,,1223,94,197,17,72,4,54,3
2020-03-27T17:00:00,ITA,12,Lazio,41.89277044,12.48366722,992,126,1118,895,2013,178,164,118,2295,24106,,,2096,199,155,9,106,12,113,13
2020-03-27T17:00:00,ITA,7,Liguria,44.41149315,8.9326992,1023,157,1180,880,2060,33,305,331,2696,7804,,,2567,129,260,45,280,51,154,3
2020-03-27T17:00:00,ITA,3,Lombardia,45.46679409,9.190347404,11137,1292,12429,11466,23895,1706,8001,5402,37298,95860,,,34889,2409,7839,162,4861,541,1263,29
2020-03-27T17:00:00,ITA,11,Marche,43.61675973,13.5188753,979,162,1141,1709,2850,55,10,336,3196,9060,,,3114,82,9,1,310,26,166,-4
2020-03-27T17:00:00,ITA,14,Molise,41.55774754,14.65916051,26,9,35,51,86,5,14,9,109,710,,,103,6,14,0,8,1,8,1
2020-03-27T17:00:00,ITA,4,P.A. Bolzano,46.49933453,11.35662422,249,45,294,539,833,42,110,60,1003,8520,,,906,97,67,43,48,12,43,2
2020-03-27T17:00:00,ITA,4,P.A. Trento,46.06893511,11.12123097,341,66,407,757,1164,70,125,102,1391,4923,,,1297,94,117,8,86,16,66,0
2020-03-27T17:00:00,ITA,1,Piemonte,45.0732745,7.680687483,2852,431,3283,3064,6347,397,176,569,7092,19705,,,6534,558,135,41,449,120,408,23
2020-03-27T17:00:00,ITA,16,Puglia,41.12559576,16.86736689,530,82,612,624,1236,141,29,69,1334,10233,,,1182,152,22,7,65,4,76,6
2020-03-27T17:00:00,ITA,20,Sardegna,39.21531192,9.110616306,93,19,112,384,496,34,13,21,530,3801,,,494,36,13,0,19,2,20,-1
2020-03-27T17:00:00,ITA,19,Sicilia,38.11569725,13.3623567,425,75,500,658,1158,63,53,39,1250,11079,,,1164,86,36,17,33,6,68,7
2020-03-27T17:00:00,ITA,9,Toscana,43.76923077,11.25588885,1053,274,1327,1843,3170,197,103,177,3450,23746,,,3226,224,95,8,158,19,259,15
2020-03-27T17:00:00,ITA,10,Umbria,43.10675841,12.38824698,149,46,195,629,824,54,39,21,884,6137,,,802,82,12,27,20,1,46,0
2020-03-27T17:00:00,ITA,2,Valle d'Aosta,45.73750286,7.320149366,91,24,115,298,413,35,2,37,452,1252,,,408,44,2,0,28,9,24,0
2020-03-27T17:00:00,ITA,5,Veneto,45.43490485,12.33845213,1536,338,1874,4774,6648,508,536,313,7497,83627,,,6935,562,508,28,287,26,326,12
2020-03-28T17:00:00,ITA,13,Abruzzo,42.35122196,13.39843823,311,70,381,646,1027,102,30,76,1133,7003,,,1017,116,24,6,68,8,71,-1
2020-03-28T17:00:00,ITA,17,Basilicata,40.63947052,15.80514834,26,19,45,133,178,31,1,3,182,1421,,,151,31,1,0,3,0,15,4
2020-03-28T17:00:00,ITA,18,Calabria,38.90597598,16.59440194,107,22,129,394,523,54,11,21,555,7760,,,494,61,7,4,18,3,22,0
2020-03-28T17:00:00,ITA,15,Campania,40.83956555,14.25084984,463,132,595,812,1407,115,76,109,1592,10616,,,1454,138,64,12,98,11,113,19
2020-03-28T17:00:00,ITA,8,Emilia Romagna,44.49436681,11.3417208,3695,316,4011,5953,9964,603,1075,1344,12383,52991,,,11588,795,960,115,1267,77,308,8
2020-03-28T17:00:00,ITA,6,Friuli Venezia Giulia,45.6494354,13.76813649,223,59,282,838,1120,93,229,87,1436,12723,,,1317,119,214,15,76,11,57,2
2020-03-28T17:00:00,ITA,12,Lazio,41.89277044,12.48366722,985,133,1118,1063,2181,168,200,124,2505,27179,,,2295,210,164,36,118,6,126,7
2020-03-28T17:00:00,ITA,7,Liguria,44.41149315,8.9326992,1031,167,1198,888,2086,26,378,358,2822,8177,,,2696,126,305,73,331,27,157,10
2020-03-28T17:00:00,ITA,3,Lombardia,45.46679409,9.190347404,11152,1319,12471,12038,24509,614,8962,5944,39415,102503,,,37298,2117,8001,961,5402,542,1292,27
2020-03-28T17:00:00,ITA,11,Marche,43.61675973,13.5188753,987,166,1153,1846,2999,149,10,364,3373,9884,,,3196,177,10,0,336,28,162,4
2020-03-28T17:00:00,ITA,14,Molise,41.55774754,14.65916051,26,9,35,63,98,12,16,9,123,807,,,109,14,14,2,9,0,9,0
2020-03-28T17:00:00,ITA,4,P.A. Bolzano,46.49933453,11.35662422,225,51,276,653,929,96,116,64,1109,9168,,,1003,106,110,6,60,4,45,6
2020-03-28T17:00:00,ITA,4,P.A. Trento,46.06893511,11.12123097,351,72,423,811,1234,70,151,120,1505,5561,,,1391,114,125,26,102,18,66,6
2020-03-28T17:00:00,ITA,1,Piemonte,45.0732745,7.680687483,3094,439,3533,3318,6851,504,203,617,7671,21511,,,7092,579,176,27,569,48,431,8
2020-03-28T17:00:00,ITA,16,Puglia,41.12559576,16.86736689,563,98,661,697,1358,122,29,71,1458,11500,,,1334,124,29,0,69,2,82,16
2020-03-28T17:00:00,ITA,20,Sardegna,39.21531192,9.110616306,95,22,117,452,569,73,29,26,624,4225,,,530,94,13,16,21,5,19,3
2020-03-28T17:00:00,ITA,19,Sicilia,38.11569725,13.3623567,441,71,512,730,1242,84,60,57,1359,13096,,,1250,109,53,7,39,18,75,-4
2020-03-28T17:00:00,ITA,9,Toscana,43.76923077,11.25588885,1093,277,1370,2141,3511,341,108,198,3817,25613,,,3450,367,103,5,177,21,274,3
2020-03-28T17:00:00,ITA,10,Umbria,43.10675841,12.38824698,159,44,203,695,898,74,43,28,969,7028,,,884,85,39,4,21,7,46,-2
2020-03-28T17:00:00,ITA,2,Valle d'Aosta,45.73750286,7.320149366,90,26,116,352,468,55,2,41,511,1380,,,452,59,2,0,37,4,24,2
2020-03-28T17:00:00,ITA,5,Veneto,45.43490485,12.33845213,1559,344,1903,5010,6913,265,655,362,7930,89380,,,7497,433,536,119,313,49,338,6
2020-03-29T17:00:00,ITA,13,Abruzzo,42.35122196,13.39843823,329,68,397,772,1169,142,36,88,1293,7730,,,1133,160,30,6,76,12,70,-2
2020-03-29T17:00:00,ITA,17,Basilicata,40.63947052,15.80514834,32,18,50,147,197,19,1,4,202,1585,,,182,20,1,0,3,1,19,-1
2020-03-29T17:00:00,ITA,18,Calabria,38.90597598,16.59440194,124,19,143,434,577,54,12,25,614,8485,,,555,59,11,1,21,4,22,-3
2020-03-29T17:00:00,ITA,15,Campania,40.83956555,14.25084984,476,135,611,945,1556,149,86,117,1759,11805,,,1592,167,76,10,109,8,132,3
2020-03-29T17:00:00,ITA,8,Emilia Romagna,44.49436681,11.3417208,3769,333,4102,6433,10535,571,1141,1443,13119,52991,pd-IT-0008,pd-EN-0008,12383,736,1075,66,1344,99,316,17
2020-03-29T17:00:00,ITA,6,Friuli Venezia Giulia,45.6494354,13.76813649,236,60,296,845,1141,21,241,98,1480,13397,,,1436,44,229,12,87,11,59,1
2020-03-29T17:00:00,ITA,12,Lazio,41.89277044,12.48366722,1062,133,1195,1167,2362,181,208,136,2706,27744,,,2505,201,200,8,124,12,133,0
2020-03-29T17:00:00,ITA,7,Liguria,44.41149315,8.9326992,1077,166,1243,1036,2279,193,420,377,3076,9100,,,2822,254,378,42,358,19,167,-1
2020-03-29T17:00:00,ITA,3,Lombardia,45.46679409,9.190347404,11613,1328,12941,12451,25392,883,9255,6360,41007,107398,,,39415,1592,8962,293,5944,416,1319,9
2020-03-29T17:00:00,ITA,11,Marche,43.61675973,13.5188753,1000,168,1168,1992,3160,161,12,386,3558,10431,,,3373,185,10,2,364,22,166,2
2020-03-29T17:00:00,ITA,14,Molise,41.55774754,14.65916051,25,9,34,66,100,2,18,9,127,918,,,123,4,16,2,9,0,9,0
2020-03-29T17:00:00,ITA,4,P.A. Bolzano,46.49933453,11.35662422,234,56,290,744,1034,105,116,64,1214,10137,,,1109,105,116,0,64,0,51,5
2020-03-29T17:00:00,ITA,4,P.A. Trento,46.06893511,11.12123097,356,75,431,862,1293,59,172,129,1594,5950,,,1505,89,151,21,120,9,72,3
2020-03-29T17:00:00,ITA,1,Piemonte,45.0732745,7.680687483,2985,443,3428,3840,7268,417,254,684,8206,24058,,,7671,535,203,51,617,67,439,4
2020-03-29T17:00:00,ITA,16,Puglia,41.12559576,16.86736689,559,99,658,774,1432,74,31,86,1549,12361,,,1458,91,29,2,71,15,98,1
2020-03-29T17:00:00,ITA,20,Sardegna,39.21531192,9.110616306,105,23,128,454,582,13,29,27,638,4598,,,624,14,29,0,26,1,22,1
2020-03-29T17:00:00,ITA,19,Sicilia,38.11569725,13.3623567,451,71,522,808,1330,88,65,65,1460,13814,,,1359,101,60,5,57,8,71,0
2020-03-29T17:00:00,ITA,9,Toscana,43.76923077,11.25588885,1111,275,1386,2400,3786,275,121,215,4122,27579,,,3817,305,108,13,198,17,277,-2
2020-03-29T17:00:00,ITA,10,Umbria,43.10675841,12.38824698,166,46,212,685,897,-1,95,31,1023,7685,,,969,54,43,52,28,3,44,2
2020-03-29T17:00:00,ITA,2,Valle d'Aosta,45.73750286,7.320149366,90,26,116,423,539,71,2,43,584,1480,,,511,73,2,0,41,2,26,0
2020-03-29T17:00:00,ITA,5,Veneto,45.43490485,12.33845213,1586,355,1941,5310,7251,338,715,392,8358,94784,,,7930,428,655,60,362,30,344,11
