data,stato,ricoverati_con_sintomi,terapia_intensiva,totale_ospedalizzati,isolamento_domiciliare,totale_positivi,variazione_totale_positivi,nuovi_positivi,dimessi_guariti,deceduti,casi_da_sospetto_diagnostico,casi_da_screening,totale_casi,tamponi,casi_testati,note,ingressi_terapia_intensiva,note_test,note_casi,totale_positivi_test_molecolare,totale_positivi_test_antigenico_rapido,tamponi_test_molecolare,tamponi_test_antigenico_rapido,totale_casi_ieri,totale_nuovi_casi,dimessi_guariti_ieri,nuovi_dimessi_guariti,ricoverati_con_sintomi_ieri,nuovi_ricoverati_con_sintomi,deceduti_ieri,nuovi_deceduti,terapia_intensiva_ieri,nuovi_terapia_intensiva,tamponi_ieri,nuovi_tamponi,casi_testati_ieri,nuovi_casi_testati
2020-02-24T18:00:00,ITA,101,26,127,94,221,0,221,1,7,,,229,4324,,,,,,,,,,0,229,0,1,0,101,0,7,0,26,0,4324,0,0
2020-02-25T18:00:00,ITA,114,35,150,162,311,90,93,1,10,,,322,8623,,,,,,,,,,229,93,1,0,101,13,7,3,26,9,4324,4299,,0
2020-02-26T18:00:00,ITA,128,36,164,221,385,74,78,3,12,,,400,9587,,,,,,,,,,322,78,1,2,114,14,10,2,35,1,8623,964,,0
2020-02-27T18:00:00,ITA,248,56,304,284,588,203,250,45,17,,,650,12014,,,,,,,,,,400,250,3,42,128,120,12,5,36,20,9587,2427,,0
2020-02-28T18:00:00,ITA,345,64,409,412,821,233,238,46,21,,,888,15695,,,,,,,,,,650,238,45,1,248,97,17,4,56,8,12014,3681,,0
2020-02-29T18:00:00,ITA,401,105,506,543,1049,228,240,50,29,,,1128,18661,,,,,,,,,,888,240,46,4,345,56,21,8,64,41,15695,2966,,0
2020-03-01T18:00:00,ITA,639,140,779,798,1577,528,566,83,34,,,1694,21127,,,,,,,,,,1128,566,50,33,401,238,29,5,105,35,18661,2466,,0
2020-03-02T18:00:00,ITA,742,166,908,927,1835,258,342,149,52,,,2036,23345,,,,,,,,,,1694,342,83,66,639,103,34,18,140,26,21127,2218,,0
2020-03-03T18:00:00,ITA,1034,229,1263,1000,2263,428,466,160,79,,,2502,25856,,,,,,,,,,2036,466,149,11,742,292,52,27,166,63,23345,2511,,0
2020-03-04T18:00:00,ITA,1346,295,1641,1065,2706,443,587,276,107,,,3089,29837,,,,,,,,,,2502,587,160,116,1034,312,79,28,229,66,25856,3981,,0
2020-03-05T18:00:00,ITA,1790,351,2141,1155,3296,590,769,414,148,,,3858,32362,,,,,,,,,,3089,769,276,138,1346,444,107,41,295,56,29837,2525,,0
2020-03-06T18:00:00,ITA,2394,462,2856,1060,3916,620,778,523,197,,,4636,36359,,,,,,,,,,3858,778,414,109,1790,604,148,49,351,111,32362,3997,,0
2020-03-07T18:00:00,ITA,2651,567,3218,1843,5061,1145,1247,589,233,,,5883,42062,,pd-IT-0003,,,,,,,,4636,1247,523,66,2394,257,197,36,462,105,36359,5703,,0
2020-03-08T18:00:00,ITA,3557,650,4207,2180,6387,1326,1492,622,366,,,7375,49937,,,,,,,,,,5883,1492,589,33,2651,906,233,133,567,83,42062,7875,,0
2020-03-09T18:00:00,ITA,4316,733,5049,2936,7985,1598,1797,724,463,,,9172,53826,,,,,,,,,,7375,1797,622,102,3557,759,366,97,650,83,49937,3889,,0
2020-03-10T18:00:00,ITA,5038,877,5915,2599,8514,529,977,1004,631,,,10149,60761,,pd-IT-0005,,,,,,,,9172,977,724,280,4316,722,463,168,733,144,53826,6935,,0
2020-03-11T17:00:00,ITA,5838,1028,6866,3724,10590,2076,2313,1045,827,,,12462,73154,,nd-IT-0002,,,,,,,,10149,2313,1004,41,5038,800,631,196,877,151,60761,12393,,0
2020-03-12T17:00:00,ITA,6650,1153,7803,5036,12839,2249,2651,1258,1016,,,15113,86011,,,,,,,,,,12462,2651,1045,213,5838,812,827,189,1028,125,73154,12857,,0
2020-03-13T17:00:00,ITA,7426,1328,8754,6201,14955,2116,2547,1439,1266,,,17660,97488,,,,,,,,,,15113,2547,1258,181,6650,776,1016,250,1153,175,86011,11477,,0
2020-03-14T17:00:00,ITA,8372,1518,9890,7860,17750,2795,3497,1966,1441,,,21157,109170,,,,,,,,,,17660,3497,1439,527,7426,946,1266,175,1328,190,97488,11682,,0
2020-03-15T17:00:00,ITA,9663,1672,11335,9268,20603,2853,3590,2335,1809,,,24747,124899,,,,,,,,,,21157,3590,1966,369,8372,1291,1441,368,1518,154,109170,15729,,0
2020-03-16T17:00:00,ITA,11025,1851,12876,10197,23073,2470,3233,2749,2158,,,27980,137962,,nd-IT-0004;nd-IT-0006,,,,,,,,24747,3233,2335,414,9663,1362,1809,349,1672,179,124899,13063,,0
2020-03-17T17:00:00,ITA,12894,2060,14954,11108,26062,2989,3526,2941,2503,,,31506,148657,,nd-IT-0009,,,,,,,,27980,3526,2749,192,11025,1869,2158,345,1851,209,137962,10695,,0
2020-03-18T17:00:00,ITA,14363,2257,16620,12090,28710,2648,4207,4025,2978,,,35713,165541,,nd-IT-0012;nd-IT-0014,,,,,,,,31506,4207,2941,1084,12894,1469,2503,475,2060,197,148657,16884,,0
2020-03-19T17:00:00,ITA,15757,2498,18255,14935,33190,4480,5322,4440,3405,,,41035,182777,,,,,,,,,,35713,5322,4025,415,14363,1394,2978,427,2257,241,165541,17236,,0
2020-03-20T17:00:00,ITA,16020,2655,18675,19185,37860,4670,5986,5129,4032,,,47021,206886,,,,,,,,,,41035,5986,4440,689,15757,263,3405,627,2498,157,182777,24109,,0
2020-03-21T17:00:00,ITA,17708,2857,20565,22116,42681,4821,6557,6072,4825,,,53578,233222,,,,,,,,,,47021,6557,5129,943,16020,1688,4032,793,2655,202,206886,26336,,0
2020-03-22T17:00:00,ITA,19846,3009,22855,23783,46638,3957,5560,7024,5476,,,59138,258402,,,,,,,,,,53578,5560,6072,952,17708,2138,4825,651,2857,152,233222,25180,,0
2020-03-23T17:00:00,ITA,20692,3204,23896,26522,50418,3780,4789,7432,6077,,,63927,275468,,,,,,,,,,59138,4789,7024,408,19846,846,5476,601,3009,195,258402,17066,,0
2020-03-24T17:00:00,ITA,21937,3396,25333,28697,54030,3612,5249,8326,6820,,,69176,296964,,,,,,,,,,63927,5249,7432,894,20692,1245,6077,743,3204,192,275468,21496,,0
2020-03-25T17:00:00,ITA,23112,3489,26601,30920,57521,3491,5210,9362,7503,,,74386,324445,,,,,,,,,,69176,5210,8326,1036,21937,1175,6820,683,3396,93,296964,27481,,0
2020-03-26T17:00:00,ITA,24753,3612,28365,33648,62013,4492,6153,10361,8165,,,80539,361060,,pd-IT-0007,,,,,,,,74386,6153,9362,999,23112,1641,7503,662,3489,123,324445,36615,,0
2020-03-27T17:00:00,ITA,26029,3732,29761,36653,66414,4401,5959,10950,9134,,,86498,394079,,,,,,,,,,80539,5959,10361,589,24753,1276,8165,969,3612,120,361060,33019,,0
2020-03-28T17:00:00,ITA,26676,3856,30532,39533,70065,3651,5974,12384,10023,,,92472,429526,,,,,,,,,,86498,5974,10950,1434,26029,647,9134,889,3732,124,394079,35447,,0
2020-03-29T17:00:00,ITA,27386,3906,31292,42588,73880,3815,5217,13030,10779,,,97689,454030,,pd-IT-0009,,,,,,,,92472,5217,12384,646,26676,710,10023,756,3856,50,429526,24504,,0
2020-03-30T17:00:00,ITA,27795,3981,31776,43752,75528,1648,4050,14620,11591,,,101739,477359,,,,,,,,,,97689,4050,13030,1590,27386,409,10779,812,3906,75,454030,23329,,0
2020-03-31T17:00:00,ITA,28192,4023,32215,45420,77635,2107,4053,15729,12428,,,105792,506968,,,,,,,,,,101739,4053,14620,1109,27795,397,11591,837,3981,42,477359,29609,,0
2020-04-01T17:00:00,ITA,28403,4035,32438,48134,80572,2937,4782,16847,13155,,,110574,541423,,,,,,,,,,105792,4782,15729,1118,28192,211,12428,727,4023,12,506968,34455,,0
2020-04-02T17:00:00,ITA,28540,4053,32593,50456,83049,2477,4668,18278,13915,,,115242,581232,,,,,,,,,,110574,4668,16847,1431,28403,137,13155,760,4035,18,541423,39809,,0
2020-04-03T17:00:00,ITA,28741,4068,32809,52579,85388,2339,4585,19758,14681,,,119827,619849,,,,,,,,,,115242,4585,18278,1480,28540,201,13915,766,4053,15,581232,38617,,0
2020-04-04T17:00:00,ITA,29010,3994,33004,55270,88274,2886,4805,20996,15362,,,124632,657224,,,,,,,,,,119827,4805,19758,1238,28741,269,14681,681,4068,-74,619849,37375,,0
2020-04-05T17:00:00,ITA,28949,3977,32926,58320,91246,2972,4316,21815,15887,,,128948,691461,,,,,,,,,,124632,4316,20996,819,29010,-61,15362,525,3994,-17,657224,34237,,0
2020-04-06T17:00:00,ITA,28976,3898,32874,60313,93187,1941,3599,22837,16523,,,132547,721732,,,,,,,,,,128948,3599,21815,1022,28949,27,15887,636,3977,-79,691461,30271,,0
2020-04-07T17:00:00,ITA,28718,3792,32510,61557,94067,880,3039,24392,17127,,,135586,755445,,,,,,,,,,132547,3039,22837,1555,28976,-258,16523,604,3898,-106,721732,33713,,0
2020-04-08T17:00:00,ITA,28485,3693,32178,63084,95262,1195,3836,26491,17669,,,139422,807125,,,,,,,,,,135586,3836,24392,2099,28718,-233,17127,542,3792,-99,755445,51680,,0
2020-04-09T17:00:00,ITA,28399,3605,32004,64873,96877,1615,4204,28470,18279,,,143626,853369,,,,,,,,,,139422,4204,26491,1979,28485,-86,17669,610,3693,-88,807125,46244,,0
2020-04-10T17:00:00,ITA,28242,3497,31739,66534,98273,1396,3951,30455,18849,,,147577,906864,,pd-IT-0011,,,,,,,,143626,3951,28470,1985,28399,-157,18279,570,3605,-108,853369,53495,,0
2020-04-11T17:00:00,ITA,28144,3381,31525,68744,100269,1996,4694,32534,19468,,,152271,963473,,,,,,,,,,147577,4694,30455,2079,28242,-98,18849,619,3497,-116,906864,56609,,0
2020-04-12T17:00:00,ITA,27847,3343,31190,71063,102253,1984,4092,34211,19899,,,156363,1010193,,dc-IT-0003,,,,,,,,152271,4092,32534,1677,28144,-297,19468,431,3381,-38,963473,46720,,0
2020-04-13T17:00:00,ITA,28023,3260,31283,72333,103616,1363,3153,35435,20465,,,159516,1046910,,,,,,,,,,156363,3153,34211,1224,27847,176,19899,566,3343,-83,1010193,36717,,0
2020-04-14T17:00:00,ITA,28011,3186,31197,73094,104291,675,2972,37130,21067,,,162488,1073689,,,,,,,,,,159516,2972,35435,1695,28023,-12,20465,602,3260,-74,1046910,26779,,0
2020-04-15T17:00:00,ITA,27643,3079,30722,74696,105418,1127,2667,38092,21645,,,165155,1117404,,dc-IT-0005,,,,,,,,162488,2667,37130,962,28011,-368,21067,578,3186,-107,1073689,43715,,0
2020-04-16T17:00:00,ITA,26893,2936,29829,76778,106607,1189,3786,40164,22170,,,168941,1178403,,,,,,,,,,165155,3786,38092,2072,27643,-750,21645,525,3079,-143,1117404,60999,,0
2020-04-17T17:00:00,ITA,25786,2812,28598,78364,106962,355,3493,42727,22745,,,172434,1244108,,,,,,,,,,168941,3493,40164,2563,26893,-1107,22170,575,2936,-124,1178403,65705,,0
2020-04-18T17:00:00,ITA,25007,2733,27740,80031,107771,809,3491,44927,23227,,,175925,1305833,,,,,,,,,,172434,3491,42727,2200,25786,-779,22745,482,2812,-79,1244108,61725,,0
2020-04-19T17:00:00,ITA,25033,2635,27668,80589,108257,486,3047,47055,23660,,,178972,1356541,935310,,,,,,,,,175925,3047,44927,2128,25007,26,23227,433,2733,-98,1305833,50708,,0
2020-04-20T17:00:00,ITA,24906,2573,27479,80758,108237,-20,2256,48877,24114,,,181228,1398024,943151,dc-IT-0007,,,,,,,,178972,2256,47055,1822,25033,-127,23660,454,2635,-62,1356541,41483,935310,7841
2020-04-21T17:00:00,ITA,24134,2471,26605,81104,107709,-528,2729,51600,24648,,,183957,1450150,971246,pd-IT-0013,,,,,,,,181228,2729,48877,2723,24906,-772,24114,534,2573,-102,1398024,52126,943151,28095
2020-04-22T17:00:00,ITA,23805,2384,26189,81510,107699,-10,3370,54543,25085,,,187327,1513251,1015494,,,,,,,,,183957,3370,51600,2943,24134,-329,24648,437,2471,-87,1450150,63101,971246,44248
2020-04-23T17:00:00,ITA,22871,2267,25138,81710,106848,-851,2646,57576,25549,,,189973,1579909,1052577,pd-IT-0015;pd-IT-0017,,,,,,,,187327,2646,54543,3033,23805,-934,25085,464,2384,-117,1513251,66658,1015494,37083
2020-04-24T17:00:00,ITA,22068,2173,24241,82286,106527,-321,3021,60498,25969,,,192994,1642356,1147850,dc-IT-0009;dc-IT-0011,,,,,,,,189973,3021,57576,2922,22871,-803,25549,420,2267,-94,1579909,62447,1052577,95273
2020-04-25T17:00:00,ITA,21533,2102,23635,82212,105847,-680,2357,63120,26384,,,195351,1707743,1186526,,,,,,,,,192994,2357,60498,2622,22068,-535,25969,415,2173,-71,1642356,65387,1147850,38676
2020-04-26T17:00:00,ITA,21372,2009,23381,82722,106103,256,2324,64928,26644,,,197675,1757659,1210639,dc-IT-0013,,,,,,,,195351,2324,63120,1808,21533,-161,26384,260,2102,-93,1707743,49916,1186526,24113
2020-04-27T17:00:00,ITA,20353,1956,22309,83504,105813,-290,1739,66624,26977,,,199414,1789662,1237317,,,,,,,,,197675,1739,64928,1696,21372,-1019,26644,333,2009,-53,1757659,32003,1210639,26678
2020-04-28T17:00:00,ITA,19723,1863,21586,83619,105205,-608,2091,68941,27359,,,201505,1846934,1274871,,,,,,,,,199414,2091,66624,2317,20353,-630,26977,382,1956,-93,1789662,57272,1237317,37554
2020-04-29T17:00:00,ITA,19210,1795,21005,83652,104657,-548,2086,71252,27682,,,203591,1910761,1313460,,,,,,,,,201505,2086,68941,2311,19723,-513,27359,323,1863,-68,1846934,63827,1274871,38589
2020-04-30T17:00:00,ITA,18149,1694,19843,81708,101551,-3106,1872,75945,27967,,,205463,1979217,1354901,,,,,,,,,203591,1872,71252,4693,19210,-1061,27682,285,1795,-101,1910761,68456,1313460,41441
2020-05-01T17:00:00,ITA,17569,1578,19147,81796,100943,-608,1965,78249,28236,,,207428,2053425,1398633,dc-IT-0015,,,,,,,,205463,1965,75945,2304,18149,-580,27967,269,1694,-116,1979217,74208,1354901,43732
2020-05-02T17:00:00,ITA,17357,1539,18896,81808,100704,-239,1900,79914,28710,,,209328,2108837,1429864,dc-IT-0017,,,,,,,,207428,1900,78249,1665,17569,-212,28236,474,1578,-39,2053425,55412,1398633,31231
2020-05-03T17:00:00,ITA,17242,1501,18743,81436,100179,-525,1389,81654,28884,,,210717,2153772,1456911,,,,,,,,,209328,1389,79914,1740,17357,-115,28710,174,1539,-38,2108837,44935,1429864,27047
2020-05-04T17:00:00,ITA,16823,1479,18302,81678,99980,-199,1221,82879,29079,,,211938,2191403,1479910,dc-IT-0019,,,,,,,,210717,1221,81654,1225,17242,-419,28884,195,1501,-22,2153772,37631,1456911,22999
2020-05-05T17:00:00,ITA,16270,1427,17697,80770,98467,-1513,1075,85231,29315,,,213013,2246666,1512121,,,,,,,,,211938,1075,82879,2352,16823,-553,29079,236,1479,-52,2191403,55263,1479910,32211
2020-05-06T17:00:00,ITA,15769,1333,17102,74426,91528,-6939,1444,93245,29684,,,214457,2310929,1549892,dc-IT-0021,,,,,,,,213013,1444,85231,8014,16270,-501,29315,369,1427,-94,2246666,64263,1512121,37771
2020-05-07T17:00:00,ITA,15174,1311,16485,73139,89624,-1904,1401,96276,29958,,,215858,2381288,1563557,dc-IT-0023,,,,,,,,214457,1401,93245,3031,15769,-595,29684,274,1333,-22,2310929,70359,1549892,13665
2020-05-08T17:00:00,ITA,14636,1168,15804,72157,87961,-1663,1327,99023,30201,,,217185,2445063,1608985,dc-IT-0025,,,,,,,,215858,1327,96276,2747,15174,-538,29958,243,1311,-143,2381288,63775,1563557,45428
2020-05-09T17:00:00,ITA,13834,1034,14868,69974,84842,-3119,1083,103031,30395,,,218268,2514234,1645076,,,,,,,,,217185,1083,99023,4008,14636,-802,30201,194,1168,-134,2445063,69171,1608985,36091
2020-05-10T17:00:00,ITA,13618,1027,14645,68679,83324,-1518,802,105186,30560,,,219070,2565912,1676460,,,,,,,,,218268,802,103031,2155,13834,-216,30395,165,1034,-7,2514234,51678,1645076,31384
2020-05-11T17:00:00,ITA,13539,999,14538,67950,82488,-836,744,106587,30739,,,219814,2606652,1702283,,,,,,,,,219070,744,105186,1401,13618,-79,30560,179,1027,-28,2565912,40740,1676460,25823
2020-05-12T17:00:00,ITA,12865,952,13817,67449,81266,-1222,1402,109039,30911,,,221216,2673655,1741903,dc-IT-0027,,,,,,,,219814,1402,106587,2452,13539,-674,30739,172,999,-47,2606652,67003,1702283,39620
2020-05-13T17:00:00,ITA,12172,893,13065,65392,78457,-2809,888,112541,31106,,,222104,2735628,1778952,,,,,,,,,221216,888,109039,3502,12865,-693,30911,195,952,-59,2673655,61973,1741903,37049
2020-05-14T17:00:00,ITA,11453,855,12308,64132,76440,-2017,992,115288,31368,,,223096,2807504,1820083,dc-IT-0029,,,,,,,,222104,992,112541,2747,12172,-719,31106,262,893,-38,2735628,71876,1778952,41131
2020-05-15T17:00:00,ITA,10792,808,11600,60470,72070,-4370,789,120205,31610,,,223885,2875680,1859110,dc-IT-0031,,,,,,,,223096,789,115288,4917,11453,-661,31368,242,855,-47,2807504,68176,1820083,39027
2020-05-16T17:00:00,ITA,10400,775,11175,59012,70187,-1883,875,122810,31763,,,224760,2944859,1899767,,,,,,,,,223885,875,120205,2605,10792,-392,31610,153,808,-33,2875680,69179,1859110,40657
2020-05-17T17:00:00,ITA,10311,762,11073,57278,68351,-1836,675,125176,31908,,,225435,3004960,1933272,,,,,,,,,224760,675,122810,2366,10400,-89,31763,145,775,-13,2944859,60101,1899767,33505
2020-05-18T17:00:00,ITA,10207,749,10956,55597,66553,-1798,451,127326,32007,,,225886,3041366,1959373,pd-IT-0019,,,,,,,,225435,451,125176,2150,10311,-104,31908,99,762,-13,3004960,36406,1933272,26101
2020-05-19T17:00:00,ITA,9991,716,10707,54422,65129,-1424,813,129401,32169,,,226699,3104524,1999599,dc-IT-0033,,,,,,,,225886,813,127326,2075,10207,-216,32007,162,749,-33,3041366,63158,1959373,40226
2020-05-20T17:00:00,ITA,9624,676,10300,52452,62752,-2377,665,132282,32330,,,227364,3171719,2038216,,,,,,,,,226699,665,129401,2881,9991,-367,32169,161,716,-40,3104524,67195,1999599,38617
2020-05-21T17:00:00,ITA,9269,640,9909,51051,60960,-1792,642,134560,32486,,,228006,3243398,2078860,,,,,,,,,227364,642,132282,2278,9624,-355,32330,156,676,-36,3171719,71679,2038216,40644
2020-05-22T17:00:00,ITA,8957,595,9552,49770,59322,-1638,652,136720,32616,,,228658,3318778,2121847,,,,,,,,,228006,652,134560,2160,9269,-312,32486,130,640,-45,3243398,75380,2078860,42987
2020-05-23T17:00:00,ITA,8695,572,9267,48485,57752,-1570,669,138840,32735,,,229327,3391188,2164426,,,,,,,,,228658,669,136720,2120,8957,-262,32616,119,595,-23,3318778,72410,2121847,42579
2020-05-24T17:00:00,ITA,8613,553,9166,47428,56594,-1158,531,140479,32785,,,229858,3447012,2198632,pd-IT-0021,,,,,,,,229327,531,138840,1639,8695,-82,32735,50,572,-19,3391188,55824,2164426,34206
2020-05-25T17:00:00,ITA,8185,541,8726,46574,55300,-1294,300,141981,32877,,,230158,3482253,2219308,dc-IT-0035,,,,,,,,229858,300,140479,1502,8613,-428,32785,92,553,-12,3447012,35241,2198632,20676
2020-05-26T17:00:00,ITA,7917,521,8438,44504,52942,-2358,397,144658,32955,,,230555,3539927,2253252,,,,,,,,,230158,397,141981,2677,8185,-268,32877,78,541,-20,3482253,57674,2219308,33944
2020-05-27T17:00:00,ITA,7729,505,8234,42732,50966,-1976,584,147101,33072,,,231139,3607251,2290551,,,,,,,,,230555,584,144658,2443,7917,-188,32955,117,521,-16,3539927,67324,2253252,37299
2020-05-28T17:00:00,ITA,7379,489,7868,40118,47986,-2980,593,150604,33142,,,231732,3683144,2330389,,,,,,,,,231139,593,147101,3503,7729,-350,33072,70,505,-16,3607251,75893,2290551,39838
2020-05-29T17:00:00,ITA,7094,475,7569,38606,46175,-1811,516,152844,33229,,,232248,3755279,2368622,dc-IT-0037,,,,,,,,231732,516,150604,2240,7379,-285,33142,87,489,-14,3683144,72135,2330389,38233
2020-05-30T17:00:00,ITA,6680,450,7130,36561,43691,-2484,416,155633,33340,,,232664,3824621,2404673,nd-IT-0016,,,,,,,,232248,416,152844,2789,7094,-414,33229,111,475,-25,3755279,69342,2368622,36051
2020-05-31T17:00:00,ITA,6387,435,6822,35275,42097,-1594,355,157507,33415,,,233019,3878739,2433621,pd-IT-0023,,,,,,,,232664,355,155633,1874,6680,-293,33340,75,450,-15,3824621,54118,2404673,28948
2020-06-01T17:00:00,ITA,6099,424,6523,34844,41367,-730,178,158355,33475,,,233197,3910133,2451674,,,,,,,,,233019,178,157507,848,6387,-288,33415,60,435,-11,3878739,31394,2433621,18053
2020-06-02T17:00:00,ITA,5916,408,6324,33569,39893,-1474,318,160092,33530,,,233515,3962292,2477302,,,,,,,,,233197,318,158355,1737,6099,-183,33475,55,424,-16,3910133,52159,2451674,25628
2020-06-03T17:00:00,ITA,5742,353,6095,33202,39297,-596,321,160938,33601,,,233836,3999591,2497337,,,,,,,,,233515,321,160092,846,5916,-174,33530,71,408,-55,3962292,37299,2477302,20035
2020-06-04T17:00:00,ITA,5503,338,5841,32588,38429,-868,177,161895,33689,,,234013,4049544,2524788,dc-IT-0039,,,,,,,,233836,177,160938,957,5742,-239,33601,88,353,-15,3999591,49953,2497337,27451
2020-06-05T17:00:00,ITA,5301,316,5617,31359,36976,-1453,518,163781,33774,,,234531,4114572,2565258,,,,,,,,,234013,518,161895,1886,5503,-202,33689,85,338,-22,4049544,65028,2524788,40470
2020-06-06T17:00:00,ITA,5002,293,5295,30582,35877,-1099,270,165078,33846,,,234801,4187057,2599294,,,,,,,,,234531,270,163781,1297,5301,-299,33774,72,316,-23,4114572,72485,2565258,34036
2020-06-07T17:00:00,ITA,4864,287,5151,30111,35262,-615,197,165837,33899,,,234998,4236535,2627188,,,,,,,,,234801,197,165078,759,5002,-138,33846,53,293,-6,4187057,49478,2599294,27894
2020-06-08T17:00:00,ITA,4729,283,5012,29718,34730,-532,280,166584,33964,,,235278,4263647,2643489,,,,,,,,,234998,280,165837,747,4864,-135,33899,65,287,-4,4236535,27112,2627188,16301
2020-06-09T17:00:00,ITA,4581,263,4844,28028,32872,-1858,283,168646,34043,,,235561,4318650,2675689,dc-IT-0041;dc-IT-0043,,,,,,,,235278,283,166584,2062,4729,-148,33964,79,283,-20,4263647,55003,2643489,32200
2020-06-10T17:00:00,ITA,4320,249,4569,27141,31710,-1162,202,169939,34114,,,235763,4381349,2713554,,,,,,,,,235561,202,168646,1293,4581,-261,34043,71,263,-14,4318650,62699,2675689,37865
2020-06-11T17:00:00,ITA,4131,236,4367,26270,30637,-1073,379,171338,34167,,,236142,4443821,2746545,,,,,,,,,235763,379,169939,1399,4320,-189,34114,53,249,-13,4381349,62472,2713554,32991
2020-06-12T17:00:00,ITA,3893,227,4120,24877,28997,-1640,163,173085,34223,,,236305,4514441,2784196,dc-IT-0045;dc-IT-0047,,,,,,,,236142,163,171338,1747,4131,-238,34167,56,236,-9,4443821,70620,2746545,37651
2020-06-13T17:00:00,ITA,3747,220,3967,23518,27485,-1512,346,174865,34301,,,236651,4564191,2817076,dc-IT-0049,,,,,,,,236305,346,173085,1780,3893,-146,34223,78,227,-7,4514441,49750,2784196,32880
2020-06-14T17:00:00,ITA,3594,209,3803,22471,26274,-1211,338,176370,34345,,,236989,4620718,2846621,,,,,,,,,236651,338,174865,1505,3747,-153,34301,44,220,-11,4564191,56527,2817076,29545
2020-06-15T17:00:00,ITA,3489,207,3696,22213,25909,-365,303,177010,34371,,,237290,4648825,2864084,dc-IT-0051,,,,,,,,236989,301,176370,640,3594,-105,34345,26,209,-2,4620718,28107,2846621,17463
2020-06-16T17:00:00,ITA,3301,177,3478,21091,24569,-1340,210,178526,34405,,,237500,4695707,2891846,,,,,,,,,237290,210,177010,1516,3489,-188,34371,34,207,-30,4648825,46882,2864084,27762
2020-06-17T17:00:00,ITA,3113,163,3276,20649,23925,-644,329,179455,34448,,,237828,4773408,2925803,dc-IT-0053,,,,,,,,237500,328,178526,929,3301,-188,34405,43,177,-14,4695707,77701,2891846,33957
2020-06-18T17:00:00,ITA,2867,168,3035,20066,23101,-824,333,180544,34514,,,238159,4831562,2958724,dc-IT-0055,,,,,,,,237828,331,179455,1089,3113,-246,34448,66,163,5,4773408,58154,2925803,32921
2020-06-19T17:00:00,ITA,2632,161,2793,18750,21543,-1558,251,181907,34561,,,238011,4889103,2987294,dc-IT-0057;dc-IT-0059,,,,,,,,238159,-148,180544,1363,2867,-235,34514,47,168,-7,4831562,57541,2958724,28570
2020-06-20T17:00:00,ITA,2474,152,2626,18586,21212,-331,262,182453,34610,,,238275,4943825,3017169,dc-IT-0061;dc-IT-0063,,,,,,,,238011,264,181907,546,2632,-158,34561,49,161,-9,4889103,54722,2987294,29875
2020-06-21T17:00:00,ITA,2314,148,2462,18510,20972,-240,224,182893,34634,,,238499,4984370,3041750,,,,,,,,,238275,224,182453,440,2474,-160,34610,24,152,-4,4943825,40545,3017169,24581
2020-06-22T17:00:00,ITA,2038,127,2165,18472,20637,-335,218,183426,34657,,,238720,5013342,3057902,dc-IT-0065,,,,,,,,238499,221,182893,533,2314,-276,34634,23,148,-21,4984370,28972,3041750,16152
2020-06-23T17:00:00,ITA,1853,115,1968,17605,19573,-1064,122,184585,34675,,,238833,5053827,3081127,dc-IT-0067;dc-IT-0069,,,,,,,,238720,113,183426,1159,2038,-185,34657,18,127,-12,5013342,40485,3057902,23225
2020-06-24T17:00:00,ITA,1610,107,1717,16938,18655,-918,190,186111,34644,,,239410,5107093,3111364,dc-IT-0071,,,,,,,,238833,577,184585,1526,1853,-243,34675,-31,115,-8,5053827,53266,3081127,30237
2020-06-25T17:00:00,ITA,1515,103,1618,16685,18303,-352,296,186725,34678,223905,15801,239706,5163154,3140785,,,,,,,,,239410,296,186111,614,1610,-95,34644,34,107,-4,5107093,56061,3111364,29421
2020-06-26T17:00:00,ITA,1356,105,1461,16177,17638,-665,259,187615,34708,223440,16521,239961,5215922,3169116,,,,,,,,,239706,255,186725,890,1515,-159,34678,30,103,2,5163154,52768,3140785,28331
2020-06-27T17:00:00,ITA,1260,97,1357,15479,16836,-802,175,188584,34716,223262,16874,240136,5277273,3198837,,,,,,,,,239961,175,187615,969,1356,-96,34708,8,105,-8,5215922,61351,3169116,29721
2020-06-28T17:00:00,ITA,1160,98,1258,15423,16681,-155,174,188891,34738,223272,17038,240310,5314619,3220020,,,,,,,,,240136,174,188584,307,1260,-100,34716,22,97,1,5277273,37346,3198837,21183
2020-06-29T17:00:00,ITA,1120,96,1216,15280,16496,-185,126,189196,34744,223254,17182,240436,5341837,3235504,,,,,,,,,240310,126,188891,305,1160,-40,34738,6,98,-2,5314619,27218,3220020,15484
2020-06-30T17:00:00,ITA,1090,93,1183,14380,15563,-933,142,190248,34767,222901,17677,240578,5390110,3263975,,,,,,,,,240436,142,189196,1052,1120,-30,34744,23,96,-3,5341837,48273,3235504,28471
2020-07-01T17:00:00,ITA,1025,87,1112,14143,15255,-308,187,190717,34788,222564,18196,240760,5445476,3293300,,,,,,,,,240578,182,190248,469,1090,-65,34767,21,93,-6,5390110,55366,3263975,29325
2020-07-02T17:00:00,ITA,963,82,1045,14015,15060,-195,201,191083,34818,222464,18497,240961,5498719,3322447,,,,,,,,,240760,201,190717,366,1025,-62,34788,30,87,-5,5445476,53243,3293300,29147
2020-07-03T17:00:00,ITA,956,79,1035,13849,14884,-176,223,191467,34833,222430,18754,241184,5548815,3348127,,,,,,,,,240961,223,191083,384,963,-7,34818,15,82,-3,5498719,50096,3322447,25680
2020-07-04T17:00:00,ITA,940,71,1011,13610,14621,-263,235,191944,34854,222324,19095,241419,5600826,3377073,,,,,,,,,241184,235,191467,477,956,-16,34833,21,79,-8,5548815,52011,3348127,28946
2020-07-05T17:00:00,ITA,945,74,1019,13623,14642,21,192,192108,34861,222368,19243,241611,5638288,3398239,,,,,,,,,241419,192,191944,164,940,5,34854,7,71,3,5600826,37462,3377073,21166
2020-07-06T17:00:00,ITA,946,72,1018,13691,14709,67,208,192241,34869,222410,19409,241819,5660454,3412010,,,,,,,,,241611,208,192108,133,945,1,34861,8,74,-2,5638288,22166,3398239,13771
2020-07-07T17:00:00,ITA,940,70,1010,13232,14242,-467,138,192815,34899,222292,19664,241956,5703673,3434500,,,,,,,,,241819,137,192241,574,946,-6,34869,30,72,-2,5660454,43219,3412010,22490
2020-07-08T17:00:00,ITA,899,71,970,12625,13595,-647,193,193640,34914,222145,20004,242149,5754116,3463179,,,,,,,,,241956,193,192815,825,940,-41,34899,15,70,1,5703673,50443,3434500,28679
2020-07-09T17:00:00,ITA,871,69,940,12519,13459,-136,229,193978,34926,222106,20257,242363,5806668,3493126,,,,,,,,,242149,214,193640,338,899,-28,34914,12,71,-2,5754116,52552,3463179,29947
2020-07-10T17:00:00,ITA,844,65,909,12519,13428,-31,276,194273,34938,222079,20560,242639,5854621,3520377,,,,,,,,,242363,276,193978,295,871,-27,34926,12,69,-4,5806668,47953,3493126,27251
2020-07-11T17:00:00,ITA,826,67,893,12410,13303,-125,188,194579,34945,221994,20833,242827,5900552,3545826,,,,,,,,,242639,188,194273,306,844,-18,34938,7,65,2,5854621,45931,3520377,25449
2020-07-12T17:00:00,ITA,776,68,844,12335,13179,-124,234,194928,34954,222036,21025,243061,5938811,3568887,,,,,,,,,242827,234,194579,349,826,-50,34945,9,67,1,5900552,38259,3545826,23061
2020-07-13T17:00:00,ITA,768,65,833,12324,13157,-22,169,195106,34967,222074,21156,243230,5962744,3582893,,,,,,,,,243061,169,194928,178,776,-8,34954,13,68,-3,5938811,23933,3568887,14006
2020-07-14T17:00:00,ITA,777,60,837,12082,12919,-238,114,195441,34984,222053,21291,243344,6004611,3607115,,,,,,,,,243230,114,195106,335,768,9,34967,17,65,-5,5962744,41867,3582893,24222
2020-07-15T17:00:00,ITA,797,57,854,11639,12493,-426,163,196016,34997,222075,21431,243506,6053060,3635507,,,,,,,,,243344,162,195441,575,777,20,34984,13,60,-3,6004611,48449,3607115,28392
2020-07-16T17:00:00,ITA,750,53,803,11670,12473,-20,230,196246,35017,222079,21657,243736,6103492,3663596,,,,,,,,,243506,230,196016,230,797,-47,34997,20,57,-4,6053060,50432,3635507,28089
2020-07-17T17:00:00,ITA,771,50,821,11635,12456,-17,233,196483,35028,222072,21895,243967,6154259,3692257,,,,,,,,,243736,231,196246,237,750,21,35017,11,53,-3,6103492,50767,3663596,28661
2020-07-18T17:00:00,ITA,757,50,807,11561,12368,-88,249,196806,35042,222138,22078,244216,6202524,3719826,,,,,,,,,243967,249,196483,323,771,-14,35028,14,50,0,6154259,48265,3692257,27569
2020-07-19T17:00:00,ITA,743,49,792,11648,12440,72,219,196949,35045,222180,22254,244434,6238049,3740447,,,,,,,,,244216,218,196806,143,757,-14,35042,3,50,-1,6202524,35525,3719826,20621
2020-07-20T17:00:00,ITA,745,47,792,11612,12404,-36,190,197162,35058,222212,22412,244624,6262302,3754568,,,,,,,,,244434,190,196949,213,743,2,35045,13,49,-2,6238049,24253,3740447,14121
2020-07-21T17:00:00,ITA,732,49,781,11467,12248,-156,129,197431,35073,222232,22520,244752,6305412,3778483,,,,,,,,,244624,128,197162,269,745,-13,35058,15,47,2,6262302,43110,3754568,23915
2020-07-22T17:00:00,ITA,724,48,772,11550,12322,74,282,197628,35082,222220,22812,245032,6354730,3807771,,,,,,,,,244752,280,197431,197,732,-8,35073,9,49,-1,6305412,49318,3778483,29288
2020-07-23T17:00:00,ITA,713,49,762,11642,12404,82,306,197842,35092,222279,23059,245338,6415041,3840789,,,,,,,,,245032,306,197628,214,724,-11,35082,10,48,1,6354730,60311,3807771,33018
2020-07-24T17:00:00,ITA,713,46,759,11542,12301,-103,252,198192,35097,222294,23296,245590,6468375,3869759,,,,,,,,,245338,252,197842,350,713,0,35092,5,49,-3,6415041,53334,3840789,28970
2020-07-25T17:00:00,ITA,731,41,772,11670,12442,141,275,198320,35102,222348,23516,245864,6520046,3897818,,,,,,,,,245590,274,198192,128,713,18,35097,5,46,-5,6468375,51671,3869759,28059
2020-07-26T17:00:00,ITA,735,44,779,11786,12565,123,255,198446,35107,222382,23736,246118,6560572,3922995,,,,,,,,,245864,254,198320,126,731,4,35102,5,41,3,6520046,40526,3897818,25177
2020-07-27T17:00:00,ITA,740,45,785,11796,12581,16,170,198593,35112,222442,23844,246286,6586123,3942369,,,,,,,,,246118,168,198446,147,735,5,35107,5,44,1,6560572,25551,3922995,19374
2020-07-28T17:00:00,ITA,749,40,789,11820,12609,28,212,198756,35123,222473,24015,246488,6634293,3967710,,,,,,,,,246286,202,198593,163,740,9,35112,11,45,-5,6586123,48170,3942369,25341
2020-07-29T17:00:00,ITA,731,38,769,11847,12616,7,289,199031,35129,222569,24207,246776,6690311,3998585,,,,,,,,,246488,288,198756,275,749,-18,35123,6,40,-2,6634293,56018,3967710,30875
2020-07-30T17:00:00,ITA,748,47,795,11435,12230,-386,386,199796,35132,222720,24438,247158,6752169,4031981,,,,,,,,,246776,382,199031,765,731,17,35129,3,38,9,6690311,61858,3998585,33396
2020-07-31T17:00:00,ITA,716,41,757,11665,12422,192,379,199974,35141,222744,24793,247537,6813113,4061667,,,,,,,,,247158,379,199796,178,748,-32,35132,9,47,-6,6752169,60944,4031981,29686
2020-08-01T17:00:00,ITA,705,43,748,11709,12457,35,295,200229,35146,222815,25017,247832,6873496,4093572,,,,,,,,,247537,295,199974,255,716,-11,35141,5,41,2,6813113,60383,4061667,31905
2020-08-02T17:00:00,ITA,708,42,750,11706,12456,-1,239,200460,35154,222877,25193,248070,6916765,4118068,,,,,,,,,247832,238,200229,231,705,3,35146,8,43,-1,6873496,43269,4093572,24496
2020-08-03T17:00:00,ITA,734,41,775,11699,12474,18,159,200589,35166,222891,25338,248229,6940801,4131535,,,,,,,,,248070,159,200460,129,708,26,35154,12,42,-1,6916765,24036,4118068,13467
2020-08-04T17:00:00,ITA,761,41,802,11680,12482,8,190,200766,35171,222954,25465,248419,6984589,4155026,,,,,,,,,248229,190,200589,177,734,27,35166,5,41,0,6940801,43788,4131535,23491
2020-08-05T17:00:00,ITA,764,41,805,11841,12646,164,384,200976,35181,223044,25759,248803,7041040,4184765,,,,,,,,,248419,384,200766,210,761,3,35171,10,41,0,6984589,56451,4155026,29739
2020-08-06T17:00:00,ITA,762,42,804,11890,12694,48,402,201323,35187,223113,26091,249204,7099713,4216934,,,,,,,,,248803,401,200976,347,764,-2,35181,6,41,1,7041040,58673,4184765,32169
2020-08-07T17:00:00,ITA,779,42,821,12103,12924,230,552,201642,35190,223201,26555,249756,7158909,4247326,,,,,,,,,249204,552,201323,319,762,17,35187,3,42,0,7099713,59196,4216934,30392
2020-08-08T17:00:00,ITA,771,43,814,12139,12953,29,347,201947,35203,223232,26871,250103,7212207,4273957,,,,,,,,,249756,347,201642,305,779,-8,35190,13,42,1,7158909,53298,4247326,26631
2020-08-09T17:00:00,ITA,763,45,808,12455,13263,310,463,202098,35205,223440,27126,250566,7249844,4296730,,,,,,,,,250103,463,201947,151,771,-8,35203,2,43,2,7212207,37637,4273957,22773
2020-08-10T17:00:00,ITA,779,46,825,12543,13368,105,259,202248,35209,223556,27269,250825,7276276,4307634,,,,,,,,,250566,259,202098,150,763,16,35205,4,45,1,7249844,26432,4296730,10904
2020-08-11T17:00:00,ITA,801,49,850,12711,13561,193,412,202461,35215,223674,27563,251237,7316918,4329697,,,,,,,,,250825,412,202248,213,779,22,35209,6,46,3,7276276,40642,4307634,22063
2020-08-12T17:00:00,ITA,779,53,832,12959,13791,230,481,202697,35225,223844,27869,251713,7369576,4357027,,,,,,,,,251237,476,202461,236,801,-22,35215,10,49,4,7316918,52658,4329697,27330
2020-08-13T17:00:00,ITA,786,55,841,13240,14081,290,523,202923,35231,224058,28177,252235,7420764,4382656,,,,,,,,,251713,522,202697,226,779,7,35225,6,53,2,7369576,51188,4357027,25629
2020-08-14T17:00:00,ITA,771,56,827,13422,14249,168,574,203326,35234,224319,28490,252809,7467487,4407524,,,,,,,,,252235,574,202923,403,786,-15,35231,3,55,1,7420764,46723,4382656,24868
2020-08-15T17:00:00,ITA,764,55,819,13587,14406,157,629,203640,35392,224521,28917,253438,7520610,4433461,,,,,,,,,252809,629,203326,314,771,-7,35234,158,56,-1,7467487,53123,4407524,25937
2020-08-16T17:00:00,ITA,787,56,843,13890,14733,327,479,203786,35396,224694,29221,253915,7557417,4455931,,,,,,,,,253438,477,203640,146,764,23,35392,4,55,1,7520610,36807,4433461,22470
2020-08-17T17:00:00,ITA,810,58,868,13999,14867,134,320,203968,35400,224812,29423,254235,7588083,4477310,,,,,,,,,253915,320,203786,182,787,23,35396,4,56,2,7557417,30666,4455931,21379
2020-08-18T17:00:00,ITA,843,58,901,14188,15089,222,403,204142,35405,224974,29662,254636,7642059,4509997,,,,,,,,,254235,401,203968,174,810,33,35400,5,58,0,7588083,53976,4477310,32687
2020-08-19T17:00:00,ITA,866,66,932,14428,15360,271,642,204506,35412,225215,30063,255278,7713154,4551287,,,,,,,,,254636,642,204142,364,843,23,35405,7,58,8,7642059,71095,4509997,41290
2020-08-20T17:00:00,ITA,883,68,951,15063,16014,654,845,204686,35418,225516,30602,256118,7790596,4600949,,,,,,,,,255278,840,204506,180,866,17,35412,6,66,2,7713154,77442,4551287,49662
2020-08-21T17:00:00,ITA,919,69,988,15690,16678,664,947,204960,35427,225880,31185,257065,7862592,4645892,,,,,,,,,256118,947,204686,274,883,36,35418,9,68,1,7790596,71996,4600949,44943
2020-08-22T17:00:00,ITA,924,64,988,16515,17503,825,1071,205203,35430,226320,31816,258136,7940266,4692505,,,,,,,,,257065,1071,204960,243,919,5,35427,3,69,-5,7862592,77674,4645892,46613
2020-08-23T17:00:00,ITA,971,69,1040,17398,18438,935,1210,205470,35437,226810,32535,259345,8007637,4739968,,,,,,,,,258136,1209,205203,267,924,47,35430,7,64,5,7940266,67371,4692505,47463
2020-08-24T17:00:00,ITA,1045,65,1110,18085,19195,757,953,205662,35441,227128,33170,260298,8053551,4773326,,,,,,,,,259345,953,205470,192,971,74,35437,4,69,-4,8007637,45914,4739968,33358
2020-08-25T17:00:00,ITA,1058,66,1124,18590,19714,519,878,206015,35445,227292,33882,261174,8125892,4819124,,,,,,,,,260298,876,205662,353,1045,13,35441,4,65,1,8053551,72341,4773326,45798
2020-08-26T17:00:00,ITA,1055,69,1124,19629,20753,1039,1367,206329,35458,227723,34817,262540,8219421,4877178,,,,,,,,,261174,1366,206015,314,1058,-3,35445,13,66,3,8125892,93529,4819124,58054
2020-08-27T17:00:00,ITA,1131,67,1198,20734,21932,1179,1411,206554,35463,228123,35826,263949,8313445,4934818,,,,,,,,,262540,1409,206329,225,1055,76,35458,5,69,-2,8219421,94024,4877178,57640
2020-08-28T17:00:00,ITA,1178,74,1252,21783,23035,1103,1462,206902,35472,228553,36856,265409,8410510,4999953,,,,,,,,,263949,1460,206554,348,1131,47,35463,9,67,7,8313445,97065,4934818,65135
2020-08-29T17:00:00,ITA,1168,79,1247,22909,24156,1121,1444,207224,35473,229002,37851,266853,8509618,5064247,,,,,,,,,265409,1444,206902,322,1178,-10,35472,1,74,5,8410510,99108,4999953,64294
2020-08-30T17:00:00,ITA,1251,86,1337,23868,25205,1049,1365,207536,35477,229527,38691,268218,8586341,5117788,,,,,,,,,266853,1365,207224,312,1168,83,35473,4,79,7,8509618,76723,5064247,53541
2020-08-31T17:00:00,ITA,1288,94,1382,24696,26078,873,996,207653,35483,229832,39382,269214,8644859,5160371,,,,,,,,,268218,996,207536,117,1251,37,35477,6,86,8,8586341,58518,5117788,42583
2020-09-01T17:00:00,ITA,1380,107,1487,25267,26754,676,978,207944,35491,230102,40087,270189,8725909,5214766,,,,,,,,,269214,975,207653,291,1288,92,35483,8,94,13,8644859,81050,5160371,54395
2020-09-02T17:00:00,ITA,1437,109,1546,26271,27817,1063,1326,208201,35497,230504,41011,271515,8828868,5280948,,,,,,,,,270189,1326,207944,257,1380,57,35491,6,107,2,8725909,102959,5214766,66182
2020-09-03T17:00:00,ITA,1505,120,1625,27290,28915,1098,1397,208490,35507,230950,41962,272912,8921658,5342150,,,,,,,,,271515,1397,208201,289,1437,68,35497,10,109,11,8828868,92790,5280948,61202
2020-09-04T17:00:00,ITA,1607,121,1728,28371,30099,1184,1733,209027,35518,231587,43057,274644,9034743,5414708,,,,,,,,,272912,1732,208490,537,1505,102,35507,11,120,1,8921658,113085,5342150,72558
2020-09-05T17:00:00,ITA,1620,121,1741,29453,31194,1095,1694,209610,35533,232219,44118,276337,9142401,5484345,,,,,,,,,274644,1693,209027,583,1607,13,35518,15,121,0,9034743,107658,5414708,69637
2020-09-06T17:00:00,ITA,1683,133,1816,30262,32078,884,1297,210015,35541,232733,44901,277634,9219257,5538028,,,,,,,,,276337,1297,209610,405,1620,63,35533,8,121,12,9142401,76856,5484345,53683
2020-09-07T17:00:00,ITA,1719,142,1861,31132,32993,915,1108,210238,35553,233115,45669,278784,9271810,5578731,,,,,,,,,277634,1150,210015,223,1683,36,35541,12,133,9,9219257,52553,5538028,40703
2020-09-08T17:00:00,ITA,1760,143,1903,31886,33789,796,1370,210801,35563,233555,46598,280153,9364213,5636663,,,,,,,,,278784,1369,210238,563,1719,41,35553,10,142,1,9271810,92403,5578731,57932
2020-09-09T17:00:00,ITA,1778,150,1928,32806,34734,945,1434,211272,35577,234029,47554,281583,9460203,5699709,,,,,,,,,280153,1430,210801,471,1760,18,35563,14,143,7,9364213,95990,5636663,63046
2020-09-10T17:00:00,ITA,1836,164,2000,33708,35708,974,1597,211885,35587,234651,48529,283180,9554389,5757488,,,,,,,,,281583,1597,211272,613,1778,58,35577,10,150,14,9460203,94186,5699709,57779
2020-09-11T17:00:00,ITA,1849,175,2024,34743,36767,1059,1616,212432,35597,235322,49474,284796,9653269,5818910,,,,,,,,,283180,1616,211885,547,1836,13,35587,10,164,11,9554389,98880,5757488,61422
2020-09-12T17:00:00,ITA,1951,182,2133,35370,37503,736,1501,213191,35603,235946,50351,286297,9745975,5875462,,,,,,,,,284796,1501,212432,759,1849,102,35597,6,175,7,9653269,92706,5818910,56552
2020-09-13T17:00:00,ITA,2042,187,2229,36280,38509,1006,1458,213634,35610,236567,51186,287753,9818118,5924322,,,,,,,,,286297,1456,213191,443,1951,91,35603,7,182,5,9745975,72143,5875462,48860
2020-09-14T17:00:00,ITA,2122,197,2319,36868,39187,678,1008,213950,35624,237003,51758,288761,9863427,5956171,,,,,,,,,287753,1008,213634,316,2042,80,35610,14,187,10,9818118,45309,5924322,31849
2020-09-15T17:00:00,ITA,2222,201,2423,37289,39712,525,1229,214645,35633,237475,52515,289990,9943944,6006675,,,,,,,,,288761,1229,213950,695,2122,100,35624,9,197,4,9863427,80517,5956171,50504
2020-09-16T17:00:00,ITA,2285,207,2492,38040,40532,820,1452,215265,35645,238097,53345,291442,10044551,6064792,,,,,,,,,289990,1452,214645,620,2222,63,35633,12,201,6,9943944,100607,6006675,58117
2020-09-17T17:00:00,ITA,2348,212,2560,38853,41413,881,1585,215954,35658,238845,54180,293025,10146324,6127243,,,,,,,,,291442,1583,215265,689,2285,63,35645,13,207,5,10044551,101773,6064792,62451
2020-09-18T17:00:00,ITA,2387,208,2595,39862,42457,1044,1907,216807,35668,239692,55240,294932,10246163,6187258,,,,,,,,,293025,1907,215954,853,2348,39,35658,10,212,-4,10146324,99839,6127243,60015
2020-09-19T17:00:00,ITA,2380,215,2595,40566,43161,704,1638,217716,35692,240377,56192,296569,10349386,6248028,,,,,,,,,294932,1637,216807,909,2387,-7,35668,24,208,7,10246163,103223,6187258,60770
2020-09-20T17:00:00,ITA,2365,222,2587,41511,44098,937,1587,218351,35707,241017,57139,298156,10432814,6302761,,,,,,,,,296569,1587,217716,635,2380,-15,35692,15,215,7,10349386,83428,6248028,54733
2020-09-21T17:00:00,ITA,2475,232,2707,42372,45079,981,1350,218703,35724,241638,57868,299506,10488676,6342654,,,,,,,,,298156,1350,218351,352,2365,110,35707,17,222,10,10432814,55862,6302761,39893
2020-09-22T17:00:00,ITA,2604,239,2843,42646,45489,410,1392,219670,35738,242173,58724,300897,10575979,6391999,,,,,,,,,299506,1391,218703,967,2475,129,35724,14,232,7,10488676,87303,6342654,49345
2020-09-23T17:00:00,ITA,2658,244,2902,43212,46114,625,1640,220665,35758,242958,59579,302537,10679675,6455762,,,,,,,,,300897,1640,219670,995,2604,54,35738,20,239,5,10575979,103696,6391999,63763
2020-09-24T17:00:00,ITA,2731,246,2977,43803,46780,666,1786,221762,35781,243680,60643,304323,10787694,6520661,,,,,,,,,302537,1786,220665,1097,2658,73,35758,23,244,2,10679675,108019,6455762,64899
2020-09-25T17:00:00,ITA,2737,244,2981,44737,47718,938,1912,222716,35801,244489,61746,306235,10894963,6584670,,,,,,,,,304323,1912,221762,954,2731,6,35781,20,246,-2,10787694,107269,6520661,64009
2020-09-26T17:00:00,ITA,2746,247,2993,45600,48593,875,1869,223693,35818,245365,62739,308104,10999350,6646695,,,,,,,,,306235,1869,222716,977,2737,9,35801,17,244,3,10894963,104387,6584670,62025
2020-09-27T17:00:00,ITA,2846,254,3100,46518,49618,1025,1766,224417,35835,246156,63714,309870,11087064,6700432,,,,,,,,,308104,1766,223693,724,2746,100,35818,17,247,7,10999350,87714,6646695,53737
2020-09-28T17:00:00,ITA,2977,264,3241,47082,50323,705,1494,225190,35851,246842,64522,311364,11138173,6732777,,,,,,,,,309870,1494,224417,773,2846,131,35835,16,254,10,11087064,51109,6700432,32345
2020-09-29T17:00:00,ITA,3048,271,3319,47311,50630,307,1648,226506,35875,247628,65383,313011,11228358,6786395,,,,,,,,,311364,1647,225190,1316,2977,71,35851,24,264,7,11138173,90185,6732777,53618
2020-09-30T17:00:00,ITA,3047,280,3327,47936,51263,633,1851,227704,35894,248613,66248,314861,11333922,6848755,,,,,,,,,313011,1850,226506,1198,3048,-1,35875,19,271,9,11228358,105564,6786395,62360
2020-10-01T17:00:00,ITA,3097,291,3388,49259,52647,1384,2548,228844,35918,249940,67469,317409,11452158,6916588,,,,,,,,,314861,2548,227704,1140,3047,50,35894,24,280,11,11333922,118236,6848755,67833
2020-10-02T17:00:00,ITA,3142,294,3436,50561,53997,1350,2499,229970,35941,251377,68531,319908,11572459,6988317,,,,,,,,,317409,2499,228844,1126,3097,45,35918,23,291,3,11452158,120301,6916588,71729
2020-10-03T17:00:00,ITA,3205,297,3502,52064,55566,1569,2844,231217,35968,252951,69800,322751,11691391,7057949,,,,,,,,,319908,2843,229970,1247,3142,63,35941,27,294,3,11572459,118932,6988317,69632
2020-10-04T17:00:00,ITA,3287,303,3590,53839,57429,1863,2578,231914,35986,254348,70981,325329,11784105,7117315,,,,,,,,,322751,2578,231217,697,3205,82,35968,18,297,6,11691391,92714,7057949,59366
2020-10-05T17:00:00,ITA,3487,323,3810,55093,58903,1474,2257,232681,36002,255576,72010,327586,11844346,7153866,,,,,,,,,325329,2257,231914,767,3287,200,35986,16,303,20,11784105,60241,7117315,36551
2020-10-06T17:00:00,ITA,3625,319,3944,56190,60134,1231,2677,234099,36030,256986,73277,330263,11944088,7216379,,,,,,,,,327586,2677,232681,1418,3487,138,36002,28,323,-4,11844346,99742,7153866,62513
2020-10-07T17:00:00,ITA,3782,337,4119,58457,62576,2442,3678,235303,36061,258884,75056,333940,12069402,7296766,,,,,,,,,330263,3677,234099,1204,3625,157,36030,31,319,18,11944088,125314,7216379,80387
2020-10-08T17:00:00,ITA,3925,358,4283,61669,65952,3376,4458,236363,36083,261304,77094,338398,12197500,7365751,,,,,,,,,333940,4458,235303,1060,3782,143,36061,22,337,21,12069402,128098,7296766,68985
2020-10-09T17:00:00,ITA,4086,387,4473,65637,70110,4158,5372,237549,36111,264137,79633,343770,12326971,7443593,,,,,,,,,338398,5372,236363,1186,3925,161,36083,28,358,29,12197500,129471,7365751,77842
2020-10-10T17:00:00,ITA,4336,390,4726,70103,74829,4719,5724,238525,36140,267320,82174,349494,12460055,7523702,,,,,,,,,343770,5724,237549,976,4086,250,36111,29,387,3,12326971,133084,7443593,80109
2020-10-11T17:00:00,ITA,4519,420,4939,74136,79075,4246,5456,239709,36166,270510,84440,354950,12564713,7592410,,,,,,,,,349494,5456,238525,1184,4336,183,36140,26,390,30,12460055,104658,7523702,68708
2020-10-12T17:00:00,ITA,4821,452,5273,77491,82764,3689,4619,240600,36205,272960,86609,359569,12650155,7652059,,,,,,,,,354950,4619,239709,891,4519,302,36166,39,420,32,12564713,85442,7592410,59649
2020-10-13T17:00:00,ITA,5076,514,5590,81603,87193,4429,5901,242028,36246,276267,89200,365467,12762699,7722319,,,,,,,,,359569,5898,240600,1428,4821,255,36205,41,452,62,12650155,112544,7652059,70260
2020-10-14T17:00:00,ITA,5470,539,6009,86436,92445,5252,7332,244065,36289,280479,92320,372799,12914895,7809920,,,,,,,,,365467,7332,242028,2037,5076,394,36246,43,514,25,12762699,152196,7722319,87601
2020-10-15T17:00:00,ITA,5796,586,6382,92884,99266,6821,8804,245964,36372,285569,96033,381602,13077827,7908462,,,,,,,,,372799,8803,244065,1899,5470,326,36289,83,539,47,12914895,162932,7809920,98542
2020-10-16T17:00:00,ITA,6178,638,6816,100496,107312,8046,10010,247872,36427,291410,100201,391611,13228204,8000864,,,,,,,,,381602,10009,245964,1908,5796,382,36372,55,586,52,13077827,150377,7908462,92402
2020-10-17T17:00:00,ITA,6617,705,7322,109613,116935,9623,10925,249127,36474,297983,104553,402536,13394041,8104190,,,,,,,,,391611,10925,247872,1255,6178,439,36427,47,638,67,13228204,165837,8000864,103326
2020-10-18T17:00:00,ITA,7131,750,7881,118356,126237,9302,11705,251461,36543,305260,108981,414241,13540582,8199744,,,,,,,,,402536,11705,249127,2334,6617,514,36474,69,705,45,13394041,146541,8104190,95554
2020-10-19T17:00:00,ITA,7676,797,8473,125530,134003,7766,9338,252959,36616,310881,112697,423578,13639444,8265568,,,,,,,,,414241,9337,251461,1498,7131,545,36543,73,750,47,13540582,98862,8199744,65824
2020-10-20T17:00:00,ITA,8454,870,9324,133415,142739,8736,10874,255005,36705,315734,118715,434449,13784181,8353248,,,,,,,,,423578,10871,252959,2046,7676,778,36616,89,797,73,13639444,144737,8265568,87680
2020-10-21T17:00:00,ITA,9057,926,9983,145459,155442,12703,15199,257374,36832,324455,125193,449648,13962029,8459736,,,,,,,,,434449,15199,255005,2369,8454,603,36705,127,870,56,13784181,177848,8353248,106488
2020-10-22T17:00:00,ITA,9694,992,10686,158616,169302,13860,16079,259456,36968,333450,132276,465726,14132421,8564608,,,,,,,,,449648,16078,257374,2082,9057,637,36832,136,926,66,13962029,170392,8459736,104872
2020-10-23T17:00:00,ITA,10549,1049,11598,174404,186002,16700,19143,261808,37059,344414,140455,484869,14314453,8679107,,,,,,,,,465726,19143,259456,2352,9694,855,36968,91,992,57,14132421,182032,8564608,114499
2020-10-24T17:00:00,ITA,11287,1128,12415,190767,203182,17180,19644,264117,37210,355768,148741,504509,14492122,8788780,,,,,,,,,484869,19640,261808,2309,10549,738,37059,151,1049,79,14314453,177669,8679107,109673
2020-10-25T17:00:00,ITA,12006,1208,13214,209027,222241,19059,21273,266203,37338,369359,156423,525782,14654002,8890656,,,,,,,,,504509,21273,264117,2086,11287,719,37210,128,1128,80,14492122,161880,8788780,101876
2020-10-26T17:00:00,ITA,12997,1284,14281,222403,236684,14443,17012,268626,37479,378783,164006,542789,14778688,8969472,,,,,,,,,525782,17007,266203,2423,12006,991,37338,141,1208,76,14654002,124686,8890656,78816
2020-10-27T17:00:00,ITA,13955,1411,15366,239724,255090,18406,21994,271988,37700,391879,172899,564778,14953086,9075818,,,,,,,,,542789,21989,268626,3362,12997,958,37479,221,1284,127,14778688,174398,8969472,106346
2020-10-28T17:00:00,ITA,14981,1536,16517,259940,276457,21367,24991,275404,37905,406130,183636,589766,15152038,9197638,,,,,,,,,564778,24988,271988,3416,13955,1026,37700,205,1411,125,14953086,198952,9075818,121820
2020-10-29T17:00:00,ITA,15964,1651,17615,281576,299191,22734,26831,279282,38122,421834,194761,616595,15353490,9316495,,,,,,,,,589766,26829,275404,3878,14981,983,37905,217,1536,115,15152038,201452,9197638,118857
2020-10-30T17:00:00,ITA,16994,1746,18740,307046,325786,26595,31084,283567,38321,439297,208377,647674,15568575,9446183,,,,,,,,,616595,31079,279282,4285,15964,1030,38122,199,1651,95,15353490,215085,9316495,129688
2020-10-31T17:00:00,ITA,17966,1843,19809,331577,351386,25600,31758,289426,38618,460502,218928,679430,15784461,9578462,,,,,,,,,647674,31756,283567,5859,16994,972,38321,297,1746,97,15568575,215886,9446183,132279
2020-11-01T17:00:00,ITA,18902,1939,20841,357288,378129,26743,29907,292380,38826,474270,235065,709335,15967918,9695940,,,,,,,,,679430,29905,289426,2954,17966,936,38618,208,1843,96,15784461,183457,9578462,117478
2020-11-02T17:00:00,ITA,19840,2022,21862,374650,396512,18383,22253,296017,39059,487976,243612,731588,16103649,9783603,,,,,,,,,709335,22253,292380,3637,18902,938,38826,233,1939,83,15967918,135731,9695940,87663
2020-11-03T17:00:00,ITA,21114,2225,23339,394803,418142,21630,28244,302275,39412,503468,256361,759829,16285936,9893535,,,,,,,,,731588,28241,296017,6258,19840,1274,39059,353,2022,203,16103649,182287,9783603,109932
2020-11-04T17:00:00,ITA,22116,2292,24408,418827,443235,25093,30550,307378,39747,520799,269578,790377,16497767,10021035,,,,,,,,,759829,30548,302275,5103,21114,1002,39412,335,2225,67,16285936,211831,9893535,127500
2020-11-05T17:00:00,ITA,23256,2391,25647,446701,472348,29113,34505,312339,40192,541173,283706,824879,16717651,10155585,,,,,,,,,790377,34502,307378,4961,22116,1140,39747,445,2292,99,16497767,219884,10021035,134550
2020-11-06T17:00:00,ITA,24005,2515,26520,472598,499118,26770,37809,322925,40638,562010,300671,862681,16951896,10290151,,,,,,,,,824879,37802,312339,10586,23256,749,40192,446,2391,124,16717651,234245,10155585,134566
2020-11-07T17:00:00,ITA,25109,2634,27743,504793,532536,33418,39811,328891,41063,583660,318830,902490,17183569,10427797,,,,,,,,,862681,39809,322925,5966,24005,1104,40638,425,2515,119,16951896,231673,10290151,137646
2020-11-08T17:00:00,ITA,26440,2749,29189,529447,558636,26100,32616,335074,41394,601403,333701,935104,17374713,10547046,,,,,,,,,902490,32614,328891,6183,25109,1331,41063,331,2634,115,17183569,191144,10427797,119249
2020-11-09T17:00:00,ITA,27636,2849,30485,542849,573334,14698,25271,345289,41750,614843,345530,960373,17522438,10635747,,,,,,,,,935104,25269,335074,10215,26440,1196,41394,356,2749,100,17374713,147725,10547046,88701
2020-11-10T17:00:00,ITA,28633,2971,31604,558506,590110,16776,35098,363023,42330,636202,359261,995463,17740196,10765561,,,,,,,,,960373,35090,345289,17734,27636,997,41750,580,2849,122,17522438,217758,10635747,129814
2020-11-11T17:00:00,ITA,29444,3081,32525,580833,613358,23248,32961,372113,42953,657205,371219,1028424,17965836,10891971,,,,,,,,,995463,32961,363023,9090,28633,811,42330,623,2971,110,17740196,225640,10765561,126410
2020-11-12T17:00:00,ITA,29873,3170,33043,602011,635054,21696,37978,387758,43589,674591,391810,1066401,18200508,11025449,,,,,,,,,1028424,37977,372113,15645,29444,429,42953,636,3081,89,17965836,234672,10891971,133478
2020-11-13T17:00:00,ITA,30914,3230,34144,629782,663926,28872,40902,399238,44139,697312,409991,1107303,18455416,11170324,,,,,,,,,1066401,40902,387758,11480,29873,1041,43589,550,3170,60,18200508,254908,11025449,144875
2020-11-14T17:00:00,ITA,31398,3306,34704,653731,688435,24509,37255,411434,44683,718482,426070,1144552,18683111,11305441,,,,,,,,,1107303,37249,399238,12196,30914,484,44139,544,3230,76,18455416,227695,11170324,135117
2020-11-15T17:00:00,ITA,32047,3422,35469,677021,712490,24055,33979,420810,45229,736846,441683,1178529,18878386,11416172,,,,,,,,,1144552,33977,411434,9376,31398,649,44683,546,3306,116,18683111,195275,11305441,110731
2020-11-16T17:00:00,ITA,32536,3492,36028,681756,717784,5294,27354,442364,45733,751766,454115,1205881,19031049,11505254,,,,,,,,,1178529,27352,420810,21554,32047,489,45229,504,3422,70,18878386,152663,11416172,89082
2020-11-17T17:00:00,ITA,33074,3612,36686,697124,733810,16026,32191,457798,46464,770282,467790,1238072,19239507,11620187,,,,,,,,,1205881,32191,442364,15434,32536,538,45733,731,3492,120,19031049,208458,11505254,114933
2020-11-18T17:00:00,ITA,33504,3670,37174,705994,743168,9358,34282,481967,47217,784687,487665,1272352,19474341,11744424,,,,,,,,,1238072,34280,457798,24169,33074,430,46464,753,3612,58,19239507,234834,11620187,124237
2020-11-19T17:00:00,ITA,33610,3712,37322,724349,761671,18503,36176,498987,47870,802852,505676,1308528,19724527,11882821,,,,,,,,,1272352,36176,481967,17020,33504,106,47217,653,3670,42,19474341,250186,11744424,138397
2020-11-20T17:00:00,ITA,33957,3748,37705,739471,777176,15505,37242,520022,48569,825417,520350,1345767,19962604,11999674,,,,,,,,,1308528,37239,498987,21035,33610,347,47870,699,3712,36,19724527,238077,11882821,116853
2020-11-21T17:00:00,ITA,34063,3758,37821,753925,791746,14570,34767,539524,49261,844177,536354,1380531,20199829,12120989,,,,,,,,,1345767,34764,520022,19502,33957,106,48569,692,3748,10,19962604,237225,11999674,121315
2020-11-22T17:00:00,ITA,34279,3801,38080,767867,805947,14201,28337,553098,49823,858957,549911,1408868,20388576,12225850,,,,,,,,,1380531,28337,539524,13574,34063,216,49261,562,3758,43,20199829,188747,12120989,104861
2020-11-23T17:00:00,ITA,34697,3810,38507,758342,796849,-9098,22930,584493,50453,870461,561334,1431795,20537521,12303705,,,,,,,,,1408868,22927,553098,31395,34279,418,49823,630,3801,9,20388576,148945,12225850,77855
2020-11-24T17:00:00,ITA,34577,3816,38393,759993,798386,1537,23232,605330,51306,882238,572784,1455022,20726180,12398952,,,,,,,,,1431795,23227,584493,20837,34697,-120,50453,853,3810,6,20537521,188659,12303705,95247
2020-11-25T17:00:00,ITA,34313,3848,38161,753536,791697,-6689,25853,637149,52028,896155,584719,1480874,20956187,12513129,,,,,,,,,1455022,25852,605330,31819,34577,-264,51306,722,3816,32,20726180,230007,12398952,114177
2020-11-26T17:00:00,ITA,34038,3846,37884,757961,795845,4148,29003,661180,52850,914390,595485,1509875,21188898,12623390,,,,,,,,,1480874,29001,637149,24031,34313,-275,52028,822,3848,-2,20956187,232711,12513129,110261
2020-11-27T17:00:00,ITA,33684,3782,37466,750427,787893,-7952,28352,696647,53677,928191,610026,1538217,21411701,12729411,,,,,,,,,1509875,28342,661180,35467,34038,-354,52850,827,3846,-64,21188898,222803,12623390,106021
2020-11-28T17:00:00,ITA,33299,3762,37061,752247,789308,1415,26323,720861,54363,942048,622484,1564532,21637641,12842250,,,,,,,,,1538217,26315,696647,24214,33684,-385,53677,686,3782,-20,21411701,225940,12729411,112839
2020-11-29T17:00:00,ITA,32879,3753,36632,759139,795771,6463,20648,734503,54904,958832,626346,1585178,21814575,12922382,,,,,,,,,1564532,20646,720861,13642,33299,-420,54363,541,3762,-9,21637641,176934,12842250,80132
2020-11-30T17:00:00,ITA,33187,3744,36931,751540,788471,-7300,16377,757507,55576,966577,634977,1601554,21945099,12986634,,,,,,,,,1585178,16376,734503,23004,32879,308,54904,672,3753,-9,21814575,130524,12922382,64252
2020-12-01T17:00:00,ITA,32811,3663,36474,743471,779945,-8526,19350,784595,56361,971784,649117,1620901,22127199,13071746,,,,,,,,,1601554,19347,757507,27088,33187,-376,55576,785,3744,-81,21945099,182100,12986634,85112
2020-12-02T17:00:00,ITA,32454,3616,36070,725160,761230,-18715,20709,823335,57045,988470,653140,1641610,22334342,13167345,,,,,,,,,1620901,20709,784595,38740,32811,-357,56361,684,3663,-47,22127199,207143,13071746,95599
2020-12-03T17:00:00,ITA,31772,3597,35369,724613,759982,-1248,23225,846809,58038,0,0,1664829,22554389,13264937,,217,,,,,,,1641610,23219,823335,23474,32454,-682,57045,993,3616,-19,22334342,220047,13167345,97592
2020-12-04T17:00:00,ITA,31200,3567,34767,722935,757702,-2280,24099,872385,58852,,,1688939,22767130,13348428,,201,,,,,,,1664829,24110,846809,25576,31772,-572,58038,814,3597,-30,22554389,212741,13264937,83491
2020-12-05T17:00:00,ITA,30158,3517,33675,720494,754169,-3533,21052,896308,59514,,,1709991,22962114,14243149,,192,,,,,,,1688939,21052,872385,23923,31200,-1042,58852,662,3567,-50,22767130,194984,13348428,894721
2020-12-06T17:00:00,ITA,30391,3454,33845,721461,755306,1137,18887,913494,60078,,,1728878,23125664,13510154,,150,,,,,,,1709991,18887,896308,17186,30158,233,59514,564,3517,-63,22962114,163550,14243149,-732995
2020-12-07T17:00:00,ITA,30524,3382,33906,714913,748819,-6487,13720,933132,60606,,,1742557,23236881,13563263,,144,,,,,,,1728878,13679,913494,19638,30391,133,60078,528,3454,-72,23125664,111217,13510154,53109
2020-12-08T17:00:00,ITA,30081,3345,33426,704099,737525,-11294,14842,958629,61240,,,1757394,23386113,13622814,,192,,,,,,,1742557,14837,933132,25497,30524,-443,60606,634,3382,-37,23236881,149232,13563263,59551
2020-12-09T17:00:00,ITA,29653,3320,32973,677542,710515,-27010,12756,997895,61739,,,1770149,23504588,13673746,,152,,,,,,,1757394,12755,958629,39266,30081,-428,61240,499,3345,-25,23386113,118475,13622814,50932
2020-12-10T17:00:00,ITA,29088,3291,32379,664148,696527,-13988,16999,1027994,62626,,,1787147,23676174,13744859,,251,,,,,,,1770149,16998,997895,30099,29653,-565,61739,887,3320,-29,23504588,171586,13673746,71113
2020-12-11T17:00:00,ITA,28562,3265,31827,658496,690323,-6204,18727,1052163,63387,,,1805873,23866590,13823013,,208,,,,,,,1787147,18726,1027994,24169,29088,-526,62626,761,3291,-26,23676174,190416,13744859,78154
2020-12-12T17:00:00,ITA,28066,3199,31265,653583,684848,-5475,19903,1076891,64036,,,1825775,24063029,13901576,,195,,,,,,,1805873,19902,1052163,24728,28562,-496,63387,649,3265,-66,23866590,196439,13823013,78563
2020-12-13T17:00:00,ITA,27735,3158,30893,655138,686031,1183,17938,1093161,64520,,,1843712,24215726,13971600,,152,,,,,,,1825775,17937,1076891,16270,28066,-331,64036,484,3199,-41,24063029,152697,13901576,70024
2020-12-14T17:00:00,ITA,27765,3095,30860,644249,675109,-10922,12030,1115617,65011,,,1855737,24319310,14022752,,138,,,,,,,1843712,12025,1093161,22456,27735,30,64520,491,3158,-63,24215726,103584,13971600,51152
2020-12-15T17:00:00,ITA,27342,3003,30345,632968,663313,-11796,14844,1141406,65857,,,1870576,24483741,14086989,,199,,,,,,,1855737,14839,1115617,25789,27765,-423,65011,846,3095,-92,24319310,164431,14022752,64237
2020-12-16T17:00:00,ITA,26897,2926,29823,615883,645706,-17607,17572,1175901,66537,,,1888144,24683230,14165961,,191,,,,,,,1870576,17568,1141406,34495,27342,-445,65857,680,3003,-77,24483741,199489,14086989,78972
2020-12-17T17:00:00,ITA,26427,2855,29282,606061,635343,-10363,18236,1203814,67220,,,1906377,24635720,14246739,,183,,,,,,,1888144,18233,1175901,27913,26897,-470,66537,683,2926,-71,24683230,-47510,14165961,80778
2020-12-18T17:00:00,ITA,25769,2819,28588,599210,627798,-7545,17992,1226086,67894,,,1921778,24815520,14150088,,189,,,,,,,1906377,15401,1203814,22272,26427,-658,67220,674,2855,-36,24635720,179800,14246739,-96651
2020-12-19T17:00:00,ITA,25364,2784,28148,592018,620166,-7632,16308,1249470,68447,,,1938083,24991705,14225200,,160,,,,,,,1921778,16305,1226086,23384,25769,-405,67894,553,2819,-35,24815520,176185,14150088,75112
2020-12-20T17:00:00,ITA,25158,2743,27901,594859,622760,2594,15104,1261626,68799,,,1953185,25129125,14289494,,121,,,,,,,1938083,15102,1249470,12156,25364,-206,68447,352,2784,-41,24991705,137420,14225200,64294
2020-12-21T17:00:00,ITA,25145,2731,27876,585706,613582,-9178,10872,1281258,69214,,,1964054,25217014,14331832,,161,,,,,,,1953185,10869,1261626,19632,25158,-13,68799,415,2743,-12,25129125,87889,14289494,42338
2020-12-22T17:00:00,ITA,24948,2687,27635,578320,605955,-7627,13318,1301573,69842,,,1977370,25374719,14386848,,201,,,,,,,1964054,13316,1281258,20315,25145,-197,69214,628,2731,-44,25217014,157705,14331832,55016
2020-12-23T17:00:00,ITA,24546,2624,27170,571646,598816,-7139,14522,1322067,70395,,,1991278,25558583,14453521,,216,,,,,,,1977370,13908,1301573,20494,24948,-402,69842,553,2687,-63,25374719,183864,14386848,66673
2020-12-24T17:00:00,ITA,24070,2589,26659,566973,593632,-5184,18040,1344785,70900,,,2009317,25752360,14530706,,149,,,,,,,1991278,18039,1322067,22718,24546,-476,70395,505,2624,-35,25558583,193777,14453521,77185
2020-12-25T17:00:00,ITA,23402,2584,25986,553900,579886,-13746,19037,1377109,71359,,,2028354,25904694,14597413,,165,,,,,,,2009317,19037,1344785,32324,24070,-668,70900,459,2589,-5,25752360,152334,14530706,66707
2020-12-26T17:00:00,ITA,23312,2580,25892,555051,580943,1057,10431,1386213,71627,,,2038783,25986258,14631296,,133,,,,,,,2028354,10429,1377109,9104,23402,-90,71359,268,2584,-4,25904694,81564,14597413,33883
2020-12-27T17:00:00,ITA,23571,2580,26151,555609,581760,817,8913,1394011,71925,,,2047696,26046137,14656053,,148,,,,,,,2038783,8913,1386213,7798,23312,259,71627,298,2580,0,25986258,59879,14631296,24757
2020-12-28T17:00:00,ITA,23932,2565,26497,548724,575221,-6539,8585,1408686,72370,,,2056277,26114818,14685718,,167,,,,,,,2047696,8581,1394011,14675,23571,361,71925,445,2580,-15,26046137,68681,14656053,29665
2020-12-29T17:00:00,ITA,23662,2549,26211,542517,568728,-6493,11224,1425730,73029,,,2067487,26243558,14731420,,256,,,,,,,2056277,11210,1408686,17044,23932,-270,72370,659,2565,-16,26114818,128740,14685718,45702
2020-12-30T17:00:00,ITA,23566,2528,26094,538301,564395,-4333,16202,1445690,73604,,,2083689,26412603,14795168,,175,,,,,,,2067487,16202,1425730,19960,23662,-96,73029,575,2549,-21,26243558,169045,14731420,63748
2020-12-31T17:00:00,ITA,23151,2555,25706,544190,569896,5501,23477,1463111,74159,,,2107166,26598607,14871966,,202,,,,,,,2083689,23477,1445690,17421,23566,-415,73604,555,2528,27,26412603,186004,14795168,76798
2021-01-01T17:00:00,ITA,22822,2553,25375,549392,574767,4871,22211,1479988,74621,,,2129376,26756131,14941976,,145,,,,,,,2107166,22210,1463111,16877,23151,-329,74159,462,2555,-2,26598607,157524,14871966,70010
2021-01-02T17:00:00,ITA,22948,2569,25517,551545,577062,2295,11831,1489154,74985,,,2141201,26823305,14972427,,134,,,,,,,2129376,11825,1479988,9166,22822,126,74621,364,2553,16,26756131,67174,14941976,30451
2021-01-03T17:00:00,ITA,23075,2583,25658,550556,576214,-848,14245,1503900,75332,,,2155446,26926279,15016737,,154,,,,,,,2141201,14245,1489154,14746,22948,127,74985,347,2569,14,26823305,102974,14972427,44310
2021-01-04T17:00:00,ITA,23317,2579,25896,544562,570458,-5756,10800,1520106,75680,,,2166244,27004272,15052154,,136,,,,,,,2155446,10798,1503900,16206,23075,242,75332,348,2583,-4,26926279,77993,15016737,35417
2021-01-05T17:00:00,ITA,23395,2569,25964,543197,569161,-1297,15378,1536129,76329,,,2181619,27139378,15106666,,202,,,,,,,2166244,15375,1520106,16023,23317,78,75680,649,2579,-10,27004272,135106,15052154,54512
2021-01-06T17:00:00,ITA,23174,2571,25745,542967,568712,-449,20331,1556356,76877,,,2201945,27317974,15182385,,183,,,,,,,2181619,20326,1536129,20227,23395,-221,76329,548,2569,2,27139378,178596,15106666,75719
2021-01-07T17:00:00,ITA,23291,2587,25878,545177,571055,2343,18020,1572015,77291,,,2220361,27439249,15235808,,156,,,,,,,2201945,18416,1556356,15659,23174,117,76877,414,2571,16,27317974,121275,15182385,53423
2021-01-08T17:00:00,ITA,23313,2587,25900,544489,570389,-666,17533,1589590,77911,,,2237890,27579516,15292666,,187,,,,,,,2220361,17529,1572015,17575,23291,22,77291,620,2587,0,27439249,140267,15235808,56858
2021-01-09T17:00:00,ITA,23260,2593,25853,546989,572842,2453,19978,1606630,78394,,,2257866,27751635,15359083,,183,,,,,,,2237890,19976,1589590,17040,23313,-53,77911,483,2587,6,27579516,172119,15292666,66417
2021-01-10T17:00:00,ITA,23427,2615,26042,553890,579932,7090,18627,1617804,78755,,,2276491,27891393,15422188,,181,,,,,,,2257866,18625,1606630,11174,23260,167,78394,361,2593,22,27751635,139758,15359083,63105
2021-01-11T17:00:00,ITA,23603,2642,26245,549734,575979,-3953,12532,1633839,79203,,,2289021,27983049,15464741,,168,,,,,,,2276491,12530,1617804,16035,23427,176,78755,448,2615,27,27891393,91656,15422188,42553
2021-01-12T17:00:00,ITA,23712,2636,26348,543692,570040,-5939,14242,1653404,79819,,,2303263,28124690,15518345,,196,,,,,,,2289021,14242,1633839,19565,23603,109,79203,616,2642,-6,27983049,141641,15464741,53604
2021-01-13T17:00:00,ITA,23525,2579,26104,538670,564774,-5266,15774,1673936,80326,,,2319036,28300119,15587971,,165,,,,,,,2303263,15773,1653404,20532,23712,-187,79819,507,2636,-57,28124690,175429,15518345,69626
2021-01-14T17:00:00,ITA,23110,2557,25667,535713,561380,-3394,17246,1694051,80848,,,2336279,28460704,15656574,,164,,,,,,,2319036,17243,1673936,20115,23525,-415,80326,522,2579,-22,28300119,160585,15587971,68603
2021-01-15T17:00:00,ITA,22841,2522,25363,532705,558068,-3312,16146,1713030,81325,,,2352423,28734210,15737459,,156,,,2351466,957,28617351,116859,2336279,16144,1694051,18979,23110,-269,80848,477,2557,-35,28460704,273506,15656574,80885
2021-01-16T17:00:00,ITA,22784,2520,25304,532413,557717,-351,16310,1729216,81800,,,2368733,28995614,15822424,,170,,,2366912,1821,28780581,215033,2352423,16310,1713030,16186,22841,-57,81325,475,2522,-2,28734210,261404,15737459,84965
2021-01-17T17:00:00,ITA,22757,2503,25260,528114,553374,-4343,12545,1745726,82177,,,2381277,29206692,15889027,,124,,,2379043,2234,28910309,296383,2368733,12544,1729216,16510,22784,-27,81800,377,2520,-17,28995614,211078,15822424,66603
2021-01-18T17:00:00,ITA,22884,2544,25428,521631,547059,-6315,8825,1760489,82554,,,2390102,29365366,15937909,,142,,,2387620,2482,28997556,367810,2381277,8825,1745726,14763,22757,127,82177,377,2503,41,29206692,158674,15889027,48882
2021-01-19T17:00:00,ITA,22699,2487,25186,510338,535524,-11535,10497,1781917,83157,,,2400598,29619436,16009790,,176,,,2397121,3477,29132944,486492,2390102,10496,1760489,21428,22884,-185,82554,603,2544,-57,29365366,254070,15937909,71881
2021-01-20T17:00:00,ITA,22469,2461,24930,498623,523553,-11971,13571,1806932,83681,,,2414166,29899198,16102034,,152,,,2409616,4550,29296422,602776,2400598,13568,1781917,25015,22699,-230,83157,524,2487,-26,29619436,279762,16009790,92244
2021-01-21T17:00:00,ITA,22045,2418,24463,492105,516568,-6985,14078,1827451,84202,,,2428221,30166765,16197394,,155,,,2422728,5493,29458875,707890,2414166,14055,1806932,20519,22469,-424,83681,521,2461,-43,29899198,267567,16102034,95360
2021-01-22T17:00:00,ITA,21691,2390,24081,477972,502053,-14515,13633,1855127,84674,,,2441854,30431493,16279588,,144,,,2435519,6335,29608567,822926,2428221,13633,1827451,27676,22045,-354,84202,472,2418,-28,30166765,264728,16197394,82194
2021-01-23T17:00:00,ITA,21403,2386,23789,475045,498834,-3219,13331,1871189,85162,,,2455185,30717824,16367107,,174,,,2447861,7324,29759716,958108,2441854,13331,1855127,16062,21691,-288,84674,488,2390,-4,30431493,286331,16279588,87519
2021-01-24T17:00:00,ITA,21309,2400,23709,475569,499278,444,11629,1882074,85461,,,2466813,30934035,16443404,,120,,,2458857,7956,29893362,1040673,2455185,11628,1871189,10885,21403,-94,85162,299,2386,14,30717824,216211,16367107,76297
2021-01-25T17:00:00,ITA,21424,2421,23845,467785,491630,-7648,8562,1897861,85881,,,2475372,31060966,16494329,,150,,,2467120,8252,29962599,1098367,2466813,8559,1882074,15787,21309,115,85461,420,2400,21,30934035,126931,16443404,50925
2021-01-26T17:00:00,ITA,21355,2372,23727,458690,482417,-9213,10593,1917117,86422,,,2485956,31317253,16567955,,162,,,2476249,9707,30087654,1229599,2475372,10584,1897861,19256,21424,-69,85881,541,2421,-49,31060966,256287,16494329,73626
2021-01-27T17:00:00,ITA,21161,2352,23513,454456,477969,-4448,15204,1936289,86889,,,2501147,31611023,16656230,,115,,,2488513,12634,30255759,1355264,2485956,15191,1917117,19172,21355,-194,86422,467,2372,-20,31317253,293770,16567955,88275
2021-01-28T17:00:00,ITA,20778,2288,23066,451551,474617,-3352,14372,1953509,87381,,,2515507,31886602,16752985,,102,,,2501989,13518,30420375,1466227,2501147,14360,1936289,17220,21161,-383,86889,492,2352,-64,31611023,275579,16656230,96755
2021-01-29T17:00:00,ITA,20397,2270,22667,445157,467824,-6793,13574,1973388,87858,,,2529070,32155352,16834157,,148,,,2514261,14809,30565671,1589681,2515507,13563,1953509,19879,20778,-381,87381,477,2288,-18,31886602,268750,16752985,81172
2021-01-30T17:00:00,ITA,20098,2218,22316,441036,463352,-4472,12715,1990152,88279,,,2541783,32453362,16923532,,132,,,2526058,15725,30718540,1734822,2529070,12713,1973388,16764,20397,-299,87858,421,2270,-52,32155352,298010,16834157,89375
2021-01-31T17:00:00,ITA,20096,2215,22311,431657,453968,-9384,11252,2010548,88516,,,2553032,32666726,17005122,,97,,,2536779,16253,30840359,1826367,2541783,11249,1990152,20396,20098,-2,88279,237,2218,-3,32453362,213364,16923532,81590
2021-02-01T17:00:00,ITA,20260,2252,22512,425077,447589,-6379,7925,2024523,88845,,,2560957,32809145,17053960,,145,,,2544428,16529,30916110,1893035,2553032,7925,2010548,13975,20096,164,88516,329,2215,37,32666726,142419,17005122,48838
2021-02-02T17:00:00,ITA,20317,2214,22531,415234,437765,-9824,9660,2043500,89343,,,2570608,33053574,17129160,,158,,,2552713,17895,31041506,2012068,2560957,9651,2024523,18977,20260,57,88845,498,2252,-38,32809145,244429,17053960,75200
2021-02-03T17:00:00,ITA,20071,2145,22216,412506,434722,-3043,13189,2059248,89819,,,2583790,33332881,17222062,,133,,,2564627,19163,31199437,2133444,2570608,13182,2043500,15748,20317,-246,89343,476,2214,-69,33053574,279307,17129160,92902
2021-02-04T17:00:00,ITA,19743,2151,21894,408383,430277,-4445,13659,2076928,90241,,,2597446,33603023,17315499,,147,,,2577005,20441,31350804,2252219,2583790,13656,2059248,17680,20071,-328,89819,422,2145,6,33332881,270142,17222062,93437
2021-02-05T17:00:00,ITA,19575,2142,21717,407401,429118,-1159,14218,2091923,90618,,,2611659,33873530,17411746,,132,,,2590106,21553,31499364,2374166,2597446,14213,2076928,14995,19743,-168,90241,377,2151,-9,33603023,270507,17315499,96247
2021-02-06T17:00:00,ITA,19408,2110,21518,405516,427034,-2084,13442,2107061,91003,,,2625098,34155937,17626494,,144,,,2602048,23050,31648706,2507231,2611659,13439,2091923,15138,19575,-167,90618,385,2142,-32,33873530,282407,17411746,214748
2021-02-07T17:00:00,ITA,19266,2107,21373,405651,427024,-10,11641,2118441,91273,,,2636738,34362726,17702105,,105,,,2613000,23738,31771821,2590905,2625098,11640,2107061,11380,19408,-142,91003,270,2110,-3,34155937,206789,17626494,75611
2021-02-08T17:00:00,ITA,19527,2143,21670,397934,419604,-7420,7970,2133523,91580,,,2644707,34506996,17757000,,139,,,2620747,23960,31847929,2659067,2636738,7969,2118441,15082,19266,261,91273,307,2107,36,34362726,144270,17702105,54895
2021-02-09T17:00:00,ITA,19512,2143,21655,392312,413967,-5637,10630,2149350,92002,,,2655319,34781259,17839716,,146,,,2629894,25425,31974515,2806744,2644707,10612,2133523,15827,19527,-15,91580,422,2143,0,34506996,274263,17757000,82716
2021-02-10T17:00:00,ITA,19280,2128,21408,388703,410111,-3856,12956,2165817,92338,,,2668266,35092253,17938333,,155,,,2641238,27028,32136820,2955433,2655319,12947,2149350,16467,19512,-232,92002,336,2143,-15,34781259,310994,17839716,98617
2021-02-11T17:00:00,ITA,18942,2126,21068,383951,405019,-5092,15146,2185655,92729,,,2683403,35384786,18040938,,151,,,2655028,28375,32306585,3078201,2668266,15137,2165817,19838,19280,-338,92338,391,2128,-2,35092253,292533,17938333,102605
2021-02-12T17:00:00,ITA,18736,2095,20831,381343,402174,-2845,13908,2202077,93045,,,2697296,35672405,18134000,,153,,,2667756,29540,32459557,3212848,2683403,13893,2185655,16422,18942,-206,92729,316,2126,-31,35384786,287619,18040938,93062
2021-02-13T17:00:00,ITA,18500,2062,20562,380851,401413,-761,13532,2216050,93356,,,2710819,35962939,18228016,,118,,,2680068,30751,32612253,3350686,2697296,13523,2202077,13973,18736,-236,93045,311,2095,-33,35672405,290534,18134000,94016
2021-02-14T17:00:00,ITA,18449,2085,20534,382249,402783,1370,11068,2225519,93577,,,2721879,36168581,18309474,,126,,,2690422,31457,32739071,3429510,2710819,11060,2216050,9469,18500,-51,93356,221,2062,23,35962939,205642,18228016,81458
2021-02-15T17:00:00,ITA,18515,2089,20604,377494,398098,-4685,7351,2237290,93835,,,2729223,36347859,18368000,,122,,,2697500,31723,32816455,3531404,2721879,7344,2225519,11771,18449,66,93577,258,2085,4,36168581,179278,18309474,58526
2021-02-16T17:00:00,ITA,18463,2074,20537,373149,393686,-4412,10386,2251734,94171,,,2739591,36621878,18452428,,154,,,2706339,33252,32956609,3665269,2729223,10368,2237290,14444,18515,-52,93835,336,2089,-15,36347859,274019,18368000,84428
2021-02-17T17:00:00,ITA,18274,2043,20317,368547,388864,-4822,12074,2268253,94540,,,2751657,36916289,18547836,,113,,,2717204,34453,33117839,3798450,2739591,12066,2251734,16519,18463,-189,94171,369,2074,-31,36621878,294411,18452428,95408
2021-02-18T17:00:00,ITA,17963,2045,20008,364493,384501,-4363,13762,2286029,94882,,,2765412,37204747,18645837,,177,,,2729570,35842,33274904,3929843,2751657,13755,2268253,17776,18274,-311,94540,342,2043,2,36916289,288458,18547836,98001
2021-02-19T17:00:00,ITA,17831,2059,19890,362558,382448,-2053,15479,2303199,95235,,,2780882,37501875,18740720,,151,,,2743867,37015,33445698,4056177,2765412,15470,2286029,17170,17963,-132,94882,353,2045,14,37204747,297128,18645837,94883
2021-02-20T17:00:00,ITA,17725,2063,19788,364835,384623,2175,14931,2315687,95486,,,2795796,37807953,18842870,,137,,,2757548,38248,33600200,4207753,2780882,14914,2303199,12488,17831,-106,95235,251,2059,4,37501875,306078,18740720,102150
2021-02-21T17:00:00,ITA,17804,2094,19898,368997,388895,4272,13452,2324633,95718,,,2809246,38058939,18939451,,125,,,2770084,39162,33746297,4312642,2795796,13450,2315687,8946,17725,79,95486,232,2063,31,37807953,250986,18842870,96581
2021-02-22T17:00:00,ITA,18155,2118,20273,367630,387903,-992,9630,2334968,95992,,,2818863,38229611,18996566,,162,,,2778918,39945,33830482,4399129,2809246,9617,2324633,10335,17804,351,95718,274,2094,24,38058939,170672,18939451,57115
2021-02-23T17:00:00,ITA,18295,2146,20441,367507,387948,45,13314,2347866,96348,,,2832162,38533461,19085722,,197,,,2790474,41688,33973710,4559751,2818863,13299,2334968,12898,18155,140,95992,356,2118,28,38229611,303850,18996566,89156
2021-02-24T17:00:00,ITA,18217,2157,20374,369059,389433,1485,16424,2362465,96666,,,2848564,38873708,19191527,,178,,,2804529,44035,34155158,4718550,2832162,16402,2347866,14599,18295,-78,96348,318,2146,11,38533461,340247,19085722,105805
2021-02-25T17:00:00,ITA,18257,2168,20425,375718,396143,6710,19886,2375318,96974,,,2868435,39227412,19295727,,178,,,2822664,45771,34342595,4884817,2848564,19871,2362465,12853,18217,40,96666,308,2157,11,38873708,353704,19191527,104200
2021-02-26T17:00:00,ITA,18292,2194,20486,384178,404664,8521,20499,2387032,97227,,,2888923,39552816,19403679,,188,,,2841119,47804,34518101,5034715,2868435,20488,2375318,11714,18257,35,96974,253,2168,26,39227412,325404,19295727,107952
2021-02-27T17:00:00,ITA,18372,2216,20588,391378,411966,7302,18916,2398352,97507,,,2907825,39875863,19513881,,163,,,2858181,49644,34681158,5194705,2888923,18902,2387032,11320,18292,80,97227,280,2194,22,39552816,323047,19403679,110202
2021-02-28T17:00:00,ITA,18638,2231,20869,401498,422367,10401,17455,2405199,97699,,,2925265,40132887,19618332,,131,,,2874494,50771,34833703,5299184,2907825,17440,2398352,6847,18372,266,97507,192,2216,15,39875863,257024,19513881,104451
2021-03-01T17:00:00,ITA,19112,2289,21401,402932,424333,1966,13114,2416093,97945,,,2938371,40303520,19685310,,171,,,2887097,51274,34932830,5370690,2925265,13106,2405199,10894,18638,474,97699,246,2231,58,40132887,170633,19618332,66978
2021-03-02T17:00:00,ITA,19570,2327,21897,409099,430996,6663,17083,2426150,98288,,,2955434,40639503,19790559,,222,,,2901272,54162,35087433,5552070,2938371,17063,2416093,10057,19112,458,97945,343,2289,38,40303520,335983,19685310,105249
2021-03-03T17:00:00,ITA,19763,2411,22174,415247,437421,6425,20884,2440218,98635,,,2976274,40998387,19906431,,222,,,2919425,56849,35279774,5718613,2955434,20840,2426150,14068,19570,193,98288,347,2327,84,40639503,358884,19790559,115872
2021-03-04T17:00:00,ITA,20157,2475,22632,423807,446439,9018,22865,2453706,98974,,,2999119,41338022,20018633,,232,,,2940399,58720,35462826,5875196,2976274,22845,2440218,13488,19763,394,98635,339,2411,64,40998387,339635,19906431,112202
2021-03-05T17:00:00,ITA,20374,2525,22899,433571,456470,10031,24036,2467388,99271,,,3023129,41716485,20146921,,222,,,2962077,61052,35661456,6055029,2999119,24010,2453706,13682,20157,217,98974,297,2475,50,41338022,378463,20018633,128288
2021-03-06T17:00:00,ITA,20701,2571,23272,442540,465812,9342,23641,2481372,99578,,,3046762,42071509,20267157,,214,,,2983454,63308,35849068,6222441,3023129,23633,2467388,13984,20374,327,99271,307,2525,46,41716485,355024,20146921,120236
2021-03-07T17:00:00,ITA,21144,2605,23749,449113,472862,7050,20765,2494839,99785,,,3067486,42342845,20375964,,161,,,3002580,64906,36013136,6329709,3046762,20724,2481372,13467,20701,443,99578,207,2571,34,42071509,271336,20267157,108807
2021-03-08T17:00:00,ITA,21831,2700,24531,448002,472533,-329,13902,2508732,100103,,,3081368,42527529,20435513,,231,,,3015474,65894,36115564,6411965,3067486,13882,2494839,13893,21144,687,99785,318,2605,95,42342845,184684,20375964,59549
2021-03-09T17:00:00,ITA,22393,2756,25149,453734,478883,6350,19749,2521731,100479,,,3101093,42873501,20543816,,278,,,3032381,68712,36292531,6580970,3081368,19725,2508732,12999,21831,562,100103,376,2700,56,42527529,345972,20435513,108303
2021-03-10T17:00:00,ITA,22882,2827,25709,461365,487074,8191,22409,2535483,100811,,,3123368,43234541,20664762,,253,,,3052141,71227,36494453,6740088,3101093,22275,2521731,13752,22393,489,100479,332,2756,71,42873501,361040,20543816,120946
2021-03-11T17:00:00,ITA,23247,2859,26106,471244,497350,10276,25673,2550483,101184,,,3149017,43606758,20793180,,266,,,3074409,74608,36702922,6903836,3123368,25649,2535483,15000,22882,365,100811,373,2827,32,43234541,372217,20664762,128418
2021-03-12T17:00:00,ITA,23656,2914,26570,482747,509317,11967,26824,2564926,101564,,,3175807,43976394,20911246,,226,,,3098594,77213,36904071,7072323,3149017,26790,2550483,14443,23247,409,101184,380,2859,55,43606758,369636,20793180,118066
2021-03-13T17:00:00,ITA,24153,2982,27135,492926,520061,10744,26062,2579896,101881,,,3201838,44349338,21035159,,270,,,3122044,79794,37107202,7242136,3175807,26031,2564926,14970,23656,497,101564,317,2914,68,43976394,372944,20911246,123913
2021-03-14T17:00:00,ITA,24518,3082,27600,503666,531266,11205,21315,2589731,102145,,,3223142,44623304,21138014,,243,,,3141921,81221,37275176,7348128,3201838,21304,2579896,9835,24153,365,101881,264,2982,100,44349338,273966,21035159,102855
2021-03-15T17:00:00,ITA,25338,3157,28495,501862,530357,-909,15267,2605538,102499,,,3238394,44802319,21197794,,243,,,3156427,81967,37381879,7420440,3223142,15252,2589731,15807,24518,820,102145,354,3082,75,44623304,179015,21138014,59780
2021-03-16T17:00:00,ITA,26098,3256,29354,506761,536115,5758,20396,2619654,103001,,,3258770,45171694,21306662,,319,,,3173640,85130,37564451,7607243,3238394,20376,2605538,14116,25338,760,102499,502,3157,99,44802319,369375,21197794,108868
2021-03-17T17:00:00,ITA,26517,3317,29834,509174,539008,2893,23059,2639370,103432,,,3281810,45540778,21424371,,324,,,3193783,88027,37770144,7770634,3258770,23040,2619654,19716,26098,419,103001,431,3256,61,45171694,369084,21306662,117709
2021-03-18T17:00:00,ITA,26694,3333,30027,517483,547510,8502,24935,2655346,103855,,,3306711,45894515,21544881,,249,,,3216436,90275,37977385,7917130,3281810,24901,2639370,15976,26517,177,103432,423,3317,16,45540778,353737,21424371,120510
2021-03-19T17:00:00,ITA,26858,3364,30222,526317,556539,9029,25735,2671638,104241,,,3332418,46259337,21662182,,244,,,3241105,91313,38182937,8076400,3306711,25707,2655346,16292,26694,164,103855,386,3333,31,45894515,364822,21544881,117301
2021-03-20T17:00:00,ITA,27061,3387,30448,535005,565453,8914,23832,2686236,104642,,,3356331,46613817,21779015,,243,,,3261607,94724,38384580,8229237,3332418,23913,2671638,14598,26858,203,104241,401,3364,23,46259337,354480,21662182,116833
2021-03-21T17:00:00,ITA,27484,3448,30932,540740,571672,6219,20159,2699762,104942,,,3376376,46890903,21873168,,232,,,3280621,95755,38553755,8337148,3356331,20045,2686236,13526,27061,423,104642,300,3387,61,46613817,277086,21779015,94153
2021-03-22T17:00:00,ITA,28049,3510,31559,531508,563067,-8605,13846,2732482,105328,,,3400877,47060099,22071115,,227,,,3304516,96361,38660491,8399608,3376376,24501,2699762,32720,27484,565,104942,386,3448,62,46890903,169196,21873168,197947
2021-03-23T17:00:00,ITA,28428,3546,31974,528680,560654,-2413,18765,2753083,105879,,,3419616,47395288,22173158,,317,,,3320537,99079,38835012,8560276,3400877,18739,2732482,20601,28049,379,105328,551,3510,36,47060099,335189,22071115,102043
2021-03-24T17:00:00,ITA,28438,3588,32026,529282,561308,654,21267,2773215,106339,,,3440862,47759055,22288369,,300,,,3339718,101144,39048757,8710298,3419616,21246,2753083,20132,28428,10,105879,460,3546,42,47395288,363767,22173158,115211
2021-03-25T17:00:00,ITA,28424,3620,32044,530914,562958,1650,23798,2794888,106799,,,3464645,48108527,22406066,,260,,,3361632,103013,39251933,8856594,3440862,23783,2773215,21673,28438,-14,106339,460,3588,32,47759055,349472,22288369,117697
2021-03-26T17:00:00,ITA,28472,3628,32100,534611,566711,3753,23987,2814652,107256,,,3488619,48463509,22517146,,288,,,3383796,104823,39457565,9005944,3464645,23974,2794888,19764,28424,48,106799,457,3620,8,48108527,354982,22406066,111080
2021-03-27T17:00:00,ITA,28621,3635,32256,539559,571815,5104,23776,2832939,107636,,,3512390,48820585,22628080,,264,,,3405598,106792,39659139,9161446,3488619,23771,2814652,18287,28472,149,107256,380,3628,7,48463509,357076,22517146,110934
2021-03-28T17:00:00,ITA,28701,3679,32380,540792,573172,1357,19611,2850889,107933,,,3531994,49093288,22718743,,217,,,3424148,107846,39824080,9269208,3512390,19604,2832939,17950,28621,80,107636,297,3635,44,48820585,272703,22628080,90663
2021-03-29T17:00:00,ITA,29163,3721,32884,533046,565930,-7242,12916,2870614,108350,,,3544894,49249985,22773499,,192,,,3436648,108246,39924265,9325720,3531994,12900,2850889,19725,28701,462,107933,417,3679,42,49093288,156697,22718743,54756
2021-03-30T17:00:00,ITA,29231,3716,32947,529818,562765,-3165,16013,2889301,108879,,,3560945,49551432,22863292,,269,,,3450606,110339,40078910,9472522,3544894,16051,2870614,18687,29163,68,108350,529,3721,-5,49249985,301447,22773499,89793
2021-03-31T17:00:00,ITA,29180,3710,32890,528163,561053,-1712,22516,2913045,109346,,,3583444,49902497,22964130,,283,,,3470672,112772,40284548,9617949,3560945,22499,2889301,23744,29231,-51,108879,467,3716,-6,49551432,351065,22863292,100838
2021-04-01T17:00:00,ITA,28949,3681,32630,530849,563479,2426,23649,2933757,109847,,,3607083,50258742,23069406,,244,,,3492698,114385,40489835,9768907,3583444,23639,2913045,20712,29180,-231,109346,501,3710,-29,49902497,356245,22964130,105276
2021-04-02T17:00:00,ITA,28704,3704,32408,532887,565295,1816,21932,2953377,110328,,,3629000,50589896,23169464,,232,,,3513146,115854,40682634,9907262,3607083,21917,2933757,19620,28949,-245,109847,481,3681,23,50258742,331154,23069406,100058
2021-04-03T17:00:00,ITA,28489,3714,32203,532652,564855,-440,21261,2974688,110704,,,3650247,50949110,23272337,,234,,,3533001,117246,40872898,10076212,3629000,21247,2953377,21311,28704,-215,110328,376,3704,10,50589896,359214,23169464,102873
2021-04-04T17:00:00,ITA,28432,3703,32135,536900,569035,4180,18025,2988199,111030,,,3668264,51200043,23356679,,195,,,3550081,118183,41028285,10171758,3650247,18017,2974688,13511,28489,-57,110704,326,3714,-11,50949110,250933,23272337,84342
2021-04-05T17:00:00,ITA,28785,3737,32522,537574,570096,1061,10680,2997522,111326,,,3678944,51302838,23394151,,192,,,3560533,118411,41106214,10196624,3668264,10680,2988199,9323,28432,353,111030,296,3703,34,51200043,102795,23356679,37472
2021-04-06T17:00:00,ITA,29337,3743,33080,522625,555705,-14391,7767,3019255,111747,,,3686707,51415800,23425293,,221,,,3567839,118868,41176828,10238972,3678944,7763,2997522,21733,28785,552,111326,421,3737,6,51302838,112962,23394151,31142
2021-04-07T17:00:00,ITA,29316,3683,32999,514838,547837,-7868,13708,3040182,112374,,,3700393,51755739,23517311,,276,,,3579829,120564,41346000,10409739,3686707,13686,3019255,20927,29337,-21,111747,627,3743,-60,51415800,339939,23425293,92018
2021-04-08T17:00:00,ITA,28851,3663,32514,511816,544330,-3507,17221,3060411,112861,,,3717602,52117901,23625279,,259,,,3595935,121667,41554856,10563045,3700393,17209,3040182,20229,29316,-465,112374,487,3683,-20,51755739,362162,23517311,107968
2021-04-09T17:00:00,ITA,28146,3603,31749,504612,536361,-7969,18938,3086586,113579,,,3736526,52466904,23732862,,192,,,3613896,122630,41756390,10710514,3717602,18924,3060411,26175,28851,-705,112861,718,3663,-60,52117901,349003,23625279,107583
2021-04-10T17:00:00,ITA,27654,3588,31242,501843,533085,-3276,17567,3107069,113923,,,3754077,52801766,23835131,,186,,,3630408,123669,41945129,10856637,3736526,17551,3086586,20483,28146,-492,113579,344,3603,-15,52466904,334862,23732862,102269
2021-04-11T17:00:00,ITA,27251,3585,30836,502169,533005,-80,15746,3122555,114254,,,3769814,53054866,23920532,,175,,,3645548,124266,42107589,10947277,3754077,15737,3107069,15486,27654,-403,113923,331,3588,-3,52801766,253100,23835131,85401
2021-04-12T17:00:00,ITA,27329,3593,30922,493495,524417,-8588,9789,3140565,114612,,,3779594,53245501,23970623,,167,,,3655050,124544,42200462,11045039,3769814,9780,3122555,18010,27251,78,114254,358,3585,8,53054866,190635,23920532,50091
2021-04-13T17:00:00,ITA,26952,3526,30478,488742,519220,-5197,13447,3158725,115088,,,3793033,53550491,24058301,,242,,,3667114,125919,42353108,11197383,3779594,13439,3140565,18160,27329,-377,114612,476,3593,-67,53245501,304990,23970623,87678
2021-04-14T17:00:00,ITA,26369,3490,29859,484801,514660,-4560,16168,3178976,115557,,,3809193,53885257,24160306,,216,,,3682451,126742,42550896,11334361,3793033,16160,3158725,20251,26952,-583,115088,469,3526,-36,53550491,334766,24058301,102005
2021-04-15T17:00:00,ITA,25587,3417,29004,481019,510023,-4637,16974,3200196,115937,,,3826156,54204890,24260858,,211,,,3698718,127438,42736949,11467941,3809193,16963,3178976,21220,26369,-782,115557,380,3490,-73,53885257,319633,24160306,100552
2021-04-16T17:00:00,ITA,24743,3366,28109,478629,506738,-3285,15943,3218975,116366,,,3842079,54532594,24362434,,199,,,3713779,128300,42916593,11616001,3826156,15923,3200196,18779,25587,-844,115937,429,3417,-51,54204890,327704,24260858,101576
2021-04-17T17:00:00,ITA,24100,3340,27440,477868,505308,-1430,15370,3235459,116676,,,3857443,54864328,24464082,,163,,,3728414,129029,43098914,11765414,3842079,15364,3218975,16484,24743,-643,116366,310,3366,-26,54532594,331734,24362434,101648
2021-04-18T17:00:00,ITA,23648,3311,26959,477652,504611,-697,12694,3248593,116927,,,3870131,55094444,24545390,,163,,,3740609,129522,43245505,11848939,3857443,12688,3235459,13134,24100,-452,116676,251,3340,-29,54864328,230116,24464082,81308
2021-04-19T17:00:00,ITA,23742,3244,26986,466503,493489,-11122,8864,3268262,117243,,,3878994,55241172,24596625,,141,,,3749244,129750,43335684,11905488,3870131,8863,3248593,19669,23648,94,116927,316,3311,-67,55094444,146728,24545390,51235
2021-04-20T17:00:00,ITA,23255,3151,26406,456309,482715,-10774,12074,3290715,117633,,,3891063,55535217,24691595,,182,,,3760237,130826,43485291,12049926,3878994,12069,3268262,22453,23742,-487,117243,390,3244,-93,55241172,294045,24596625,94970
2021-04-21T17:00:00,ITA,22784,3076,25860,449775,475635,-7080,13844,3311267,117997,,,3904899,55885251,24794274,,155,,,3772885,132014,43673704,12211547,3891063,13836,3290715,20552,23255,-471,117633,364,3151,-75,55535217,350034,24691595,102679
2021-04-22T17:00:00,ITA,22094,3021,25115,447081,472196,-3439,16050,3330392,118357,,,3920945,56250055,24905379,,174,,,3788264,132681,43862164,12387891,3904899,16046,3311267,19125,22784,-690,117997,360,3076,-55,55885251,364804,24794274,111105
2021-04-23T17:00:00,ITA,21440,2979,24419,441124,465543,-6653,14761,3351461,118699,,,3935703,56565755,25004299,,153,,,3802126,133577,44037316,12528439,3920945,14758,3330392,21069,22094,-654,118357,342,3021,-42,56250055,315700,24905379,98920
2021-04-24T17:00:00,ITA,20971,2894,23865,437583,461448,-4095,13817,3369048,119021,,,3949517,56886535,25114307,,143,,,3815137,134380,44211571,12674964,3935703,13814,3351461,17587,21440,-469,118699,322,2979,-85,56565755,320780,25004299,110008
2021-04-25T17:00:00,ITA,20662,2862,23524,437688,461212,-236,13158,3382224,119238,,,3962674,57126017,25204896,,114,,,3827656,135018,44357013,12769004,3949517,13157,3369048,13176,20971,-309,119021,217,2894,-32,56886535,239482,25114307,90589
2021-04-26T17:00:00,ITA,20635,2849,23484,429328,452812,-8400,8444,3398763,119539,,,3971114,57271836,25260009,,132,,,3835849,135265,44452541,12819295,3962674,8440,3382224,16539,20662,-27,119238,301,2862,-13,57126017,145819,25204896,55113
2021-04-27T17:00:00,ITA,20312,2748,23060,425089,448149,-4663,10404,3413451,119912,,,3981512,57574570,25359025,,177,,,3844994,136518,44602172,12972398,3971114,10398,3398763,14688,20635,-323,119539,373,2849,-101,57271836,302734,25260009,99016
